-0.0265215856772211,-0.00567912312077433,0.017250451285196,-0.00265748774103562,0.0302076389585562,-0.0144499391948503,0.034921898969605,-0.00779875529034952,-0.00404470125447571,-0.0100433294808912,0.00574028166843108,0.00103730219843888,-0.00087740000424229,-0.00801382769616106,0,0.0566578632306394,-0.00384799197134052,0.0135379023574654,-0.00137016865185716,0.0928516839375818,-0.0240888028705262,0.0167433887845863,-0.0289612632278192,0.00622880488000427,-0.0347127574546201,-0.0139763654175346,-0.00316396797591387,-0.0330314009573695,0.0722101455240252,-0.0104817930450106,0.00425828307339458,-0.000785122991267756,0.00312285178555227,-0.0186428357265007,0.0518662535750146,0.0044526536532721,0.0494237968568924,-0.0156741365059435,-0.00963004104968369,0.0142102278163744,0.00481164910576284,-0.0252788218870029,0,0.00608914273621406,-0.0741270538931076,0.00103561603397806,-0.0167415096889478,0.0275243356270151,-0.000459343750014772,-0.0310817200340254
0.107329114423661,-0.0662926420935759,0.0035026611760171,-0.0130495870767921,-0.0530850694395889,-0.0453209351818315,0.214104746862205,0.0147981730690634,-0.103053658939226,-0.0259242197511313,0.0386247746984469,0.00526408851660818,-0.00334273779763819,-0.0406684748310825,0,-0.0777815429600639,0.0173247925892719,-0.0123376364561033,0.050140838416201,0.260892060516156,-0.0154183387510445,0.0772803031632124,0.00159233497279326,0.00876701491560854,0.138934498717474,0.0920957353291564,-0.0373596435453711,-0.212405678635968,-0.136023474535477,-0.031448367318604,0.00594371023675051,-0.00022102671230346,-0.0253693620516535,0.0589535724050442,0.0403048937798052,-0.00849327618812235,-0.0920218138319263,-0.0152087402207163,-0.0424968563581618,-0.0337874229666877,0.0154427480320976,0.0969560010913578,-2.90221706480038e-05,-0.0704796119496326,0.111609551835839,-0.000546523448026623,0.0362891658665041,0.0188957189453756,0.00595742033702881,-0.00840587404141603
0.0163068984695571,-0.160638411439294,-0.0879893003746556,0.0570580387770026,0.0323836320840408,0.0268964279540004,-0.125769529430428,0.00779394317222003,-0.123479150357605,-0.274936396793821,0.0151000030984941,-0.0230880822487932,-0.0568924704112329,0.137393906405339,-0.0143529946966594,0.044610026699927,-0.0728562127393711,0.0644117104751306,0.0720631527362541,0.00909050311766849,-0.0442901254170997,0.0777816727655946,-0.0121534268853392,-0.00646949847440111,-0.013982610427351,-0.00935556421936051,0.00387284741260773,0.0306930767474555,-0.0182912577689037,-0.0110671345344972,-0.000357441398870374,0.0010803638582649,-0.000359646720090513,0.09233960867013,0.0958685164176109,2.06630448032052e-05,-0.0255325629625352,0.097592893315422,0.1077516965086,-0.0520455929784889,-0.0984430472560822,-0.000958290341171153,0.148552442140464,-0.0133047676909182,-0.00366432302433997,0.0304943479714245,-0.0543849840474927,-0.00248649662817178,-0.10647326683196,0.0660506540833538
0.0425274100952426,0.0679813146900831,0.0119875081542848,-0.165427066220036,0.0157610308553284,0.0132639784439238,-0.132845187272957,-0.00695698452331838,0.00866881310930689,0.0447084140638098,0.000908010199508019,0.00639238621381511,0.0495711719731516,-0.0469799750727843,0,0.0340299788362048,0.0190554249324378,0.0267673605525518,0.0241872129387502,0.0101309270194573,-0.353351638853234,-0.0404319576501176,-0.0613967190930222,0.00551562585837821,0.00919990931180579,0.00428308144071819,0.0069959484804054,-0.029863034811666,0.00608964588859209,-0.0176458017982945,0.128715299069852,0.00811873190723248,0.0643583563663629,0.0536920943368876,0.0734857599093941,-0.00853633102312303,-0.00723786613707149,-0.123401574637629,-0.101054406601646,-0.185722610977291,0.0406228326093684,0.0174639640679548,0.00962975118883439,0.0020300309689074,-0.0138162399131699,-0.00857659814212764,0.0674778098731435,-0.0702270779870492,0.0313481262146081,0.315448234162611
0.0178818610413554,0.000318990956924046,-0.0129160827606113,0.000997717262933798,-0.00734618902806876,-0.00325668479826368,-0.0118653732905849,-0.0250936308428116,0.00854628763897315,0.0026077353533699,0.0180333359437342,0.000254502674108464,0.0012834973938517,-0.00196619710397504,0,4.94714005479422e-05,0.00110221309507182,-0.0154872844195163,0.0010167702061167,0.00592950978278623,0.0181154898517669,-0.00698442033929322,-0.0960131014497153,0.0195680521300601,-0.00142402620326505,-0.0121696512943323,-0.00103659378259705,-0.0037368119105002,-0.00169086260679674,0.00675902772918511,-0.00320235439746221,-0.00246649685093774,-0.00456823809979677,0.0121679474933146,-0.0337456914323099,0.0133705032725287,0.00416341018987699,0.00927384325211825,-0.013118522662389,-0.00614096839111096,0.00187585130151555,0.00343443580848979,0,0,0.0020339272430521,-0.000679320749107916,-0.0364554281857614,0.0807153308592026,0,0.0237262610836433
-0.0879242128391914,0.0403463758561512,0.0379641427364651,-0.0287165948434578,0.0196257862745488,0.0606497136664949,0.0822345391512907,-0.0325662926822546,0.0313635762234778,-0.00515933191664103,0.0362598647695074,-0.0152411581756669,-0.0784108026712628,0.0355068131785757,0,0.0268003449176729,-0.0170957807693841,0.303950199681703,0.0254587356387454,-0.0284929290163894,-0.0398842832900082,0.0825199760651036,-0.0778443598725971,0.00417834618829434,0.0416166919122189,0.0153622450038156,-0.00843907047884946,-0.16484016053871,-0.0169394043808267,-0.0310962858145273,0.0139073007099263,-0.00226559513823636,0.0821505043128128,-0.0805309612205342,0.139873327945344,0.0182565094766058,0.0118065181383497,-0.100305491123533,0.0460081760528141,0.0837358316015118,0.10696700976581,-0.193612500732865,1.33082055570646e-05,-0.0741996009547449,0.0376937735211716,0.0380696434669575,-0.0511572873270586,0.0887652675664217,0.0168525643552572,-0.0454003945368916
-0.00107834311288219,-0.000561530951414723,-0.000948336299591636,-0.000581614335246272,-0.000520151958286978,0.00053740332455378,0.000229657956936069,0.000178922961051433,-0.00086549589026742,-0.00471079682082198,-2.27668272972117e-05,-0.000208107971775062,-0.000731735884451156,0.00186245284676865,0,4.16787712940119e-05,-0.00127492504981508,0.000257696914334646,0.00210528772060731,-7.39254823739044e-05,-0.00184891078217803,-0.00177644849358224,-0.000486276870750783,-6.12711791994668e-06,0.00107534625262949,-0.00101258312547848,0.00201592496721124,0.00079952631222132,-0.00016897379861604,0.000381799139337011,6.5502280976862e-05,0,-0.00144458198559262,0.000727829162719686,-0.000111587656745356,0.000162734246832333,0.00014516044307499,-0.00135339828595634,0.00178807711628384,-0.00241982121308487,-0.001429720009572,-0.000434697559346228,-0.000766932962346886,-0.00205942776536583,0.000244277537978369,0.000652507562216428,-0.000749040576751386,-0.000556215449782798,-0.00216092973713605,0.00119608486759767
0.0272613686864191,0.0428428557673835,0.00503972260650434,-0.131939866056246,0.0415763734126581,0.00471586576301404,-0.0952424230288179,-0.000900921714291656,0.000132206094335186,0.00762995487539519,-0.00695359630148046,0.00744829799182854,0.0316903894129578,-0.0556991035488751,0,0.0288156459518416,0.0118700514675479,0.0278813797451281,-0.000611412024984638,0.0129936974019818,-0.268323704564173,-0.0255689092243728,-0.0311066643535158,0.00208533037468604,-0.0633619512914458,0.085533387991494,-0.137354911918955,-0.0516436760152821,0.0120351120977338,-0.0303411696918309,0.0976955713179964,0.000264999082194402,0.0653515327208034,0.0405140928004754,0.0471620646849386,-0.00895360516861186,-0.00701573593227755,-0.0932531544967946,-0.112118778407522,-0.131627622042872,0.027845151755541,0.000216297275735706,-0.000998882993845207,0.133345110244119,-0.0364121213947994,-0.00453653080140647,0.0453230107020387,-0.0560518113190822,0.0117573414897322,0.247848396432807
0.0413465276670333,-0.112592041823012,-0.00589273171334628,0.0291790012947943,0.039170650061395,0.148964866396058,-0.0450539630227559,0.00878791186643528,-0.0207641789882405,0.0471045869124359,0.0183832282824617,-0.00217973721183611,0.0274854057515697,-0.00776226294117569,-0.106106666066902,-0.0170210830394984,-0.00149117239300248,-0.143806154892684,0.0391306077422246,0.08280730885076,-0.00227075907927321,0.0602317115727512,-0.0377908806488605,-0.0467096727532612,-0.0343180578598444,0.0165609118944028,-0.000896447021463843,-0.0311658597325977,-0.0766575221627085,-0.0721957262132873,0.0180383755246704,-0.000929043339326231,0.1474694949536,0.0402776196204255,0.0867610890431881,-0.0592384158875434,-0.0716042517421038,0.0965627686390109,0.101933651707047,-0.028729190830223,-0.0880716413898977,-0.153720704927822,0.0746930008869315,0.166317601136431,0.0258644603111687,-0.0179342012804745,0.0858531486387293,0.0411543296453278,-0.00603290535666855,-0.0101170042442276
-0.00187167660704324,0.0185075966388693,-0.0800035259278707,-0.00562531510083414,0.0148935976825447,-0.150139086482985,0.000993125444887295,-0.360062137337116,0.00469508499817598,-0.223569108217089,0.23123237138639,-0.00481155997208197,-0.0356534582554047,0.0100226843930371,0.00358460174302371,0.0736650827697946,-0.111152586060706,-0.0269598340857485,0.0978337895774675,0.0538775092582717,0.0845240466181811,0.00974961863409286,0.104210358437588,-0.0263319816721736,-0.00185659377975952,0.0164281937806007,-0.00749634687280302,0.0340003704070316,-0.0723734426007321,0.000984526407631494,-0.0236205133218373,0.00516514210739214,-0.0875805087298888,0.00519871080759241,-0.00778478816688634,0.00121124195408102,0.0774101282349934,0.0266949370759484,0.147021326103015,-0.102270905093309,-0.018992523380453,-0.175236098153606,0.0016769165361684,-0.0133656377865147,0.0147741250174104,0.0346174661750907,-0.047521982634927,-0.130523940040611,0.0348483196008251,0.165369431108866
-0.0383810886813041,0.0236899357442924,0.0828604783751473,0.00948479617277075,0.0263488822083871,0.00261435448572759,-0.0915636664758535,0.00181301998117455,-0.0438275551253596,0.180203136687455,-0.00107668337872196,0.0207918614037324,-0.310037446610427,-0.0767386993777525,-0.00262704501762961,0.053996413576009,-0.0369268300044528,-0.0286926630082477,0.0995777292648305,-0.185516514932964,-0.0567702333693917,-0.0371041648094859,0.0257015588228991,-0.0401587522438305,-0.089078125967603,-0.131400473606746,0.138334511867491,-0.0668051735754348,0.0392595198778383,-0.0594699594649835,-0.109831050711362,0.0001987264467136,-0.00245923657519857,0.0014103683325785,-0.0518889401046142,0.0580940776487394,0.00707929986177644,0.0160643126056073,0.0919253150875254,-0.00501504445239223,-0.187183799365914,-0.113578126751242,-0.000147604164021289,0.234534043399658,-0.0636584163054069,0.00622869311282939,-0.00234416208478691,0.0314111707373355,-0.0251066734499134,0.0278690253535252
-0.0122913653577314,-0.050927772454568,0.00116331261498333,-0.0115115734097212,0.0194891453436256,-0.122046852105532,0.0024616947233594,0.00198303794270279,-0.0777035772798427,-0.00289375224194485,-4.0761517209541e-05,-0.000495439734713079,0.0141359088190151,0.00382759110488506,0,-0.0302328353197775,0.0186673308402112,-0.201076411292838,0.0169695807619765,-0.0361221190696651,-0.00364476297648769,-0.0395266134167298,0.0385365278127126,0.0113199700357313,0.00149492613446984,-0.00387427278693009,0.00425489856973211,0.00242483720869006,0.0161519114071114,-0.0169028402416517,-0.0186836038214394,0,-0.0697599671691206,0.00565510803947396,0.0742388152321099,-0.0187462361162691,-0.030507904138331,0.00921752321438606,-0.0426480816947818,-0.00118126399652854,0.00232494629035951,0.0665871410527695,-3.321354185841e-05,8.65667291079501e-05,-0.0574617189112547,-0.00615754414429527,0.0303668561305375,0.0440790287173673,0.000726680527379852,0.0170051807606413
-0.00769770393305699,0.0922418774964207,0.185230843020349,-0.0128715462715642,-0.028359220277933,-0.0295334216624295,-0.0775218842584665,-0.0702427795465185,0.164098246006454,0.248371082341309,-0.0864241259129973,0.016955948442032,0.043857888289058,0.0556647560000957,0,0.000414243556166484,0.0974977257617393,0.0265290086691468,-0.203756566846041,0.089154953977452,-0.055325466685486,0.0907808281730321,-0.0371339323590278,0.00884554117742876,0.136468809544531,-0.118598863595459,0.204550250343731,0.278907231898745,0.0311670876325608,0.0484570922576677,-0.0323244835746756,-0.000715186698114232,0.0370146718303443,-0.0624875366856449,0.111827806882168,-0.0259430272457842,0.0172961275902469,0.0744467635413939,-0.0789707088208402,-0.060109130706555,0.0988945280929964,0.0583709933368821,0.0332261603058578,0.0718957771310557,0.065795460294655,-0.0554096944182711,0.0367075659559062,0.00452336369351364,0.081517351903505,0.0686316673817779
-0.103081460943061,-0.0406466571590036,0.0783268321748671,0.0130085575116684,-0.0142388007849934,-0.0310997206309372,0.097406902011699,-0.0785868288626415,-0.0426780559666313,-0.203745638075642,-0.0829561471533647,0.00917919370527406,-0.0448423469462986,0.110311518313199,0.00533459727165425,-0.0188065444261421,-0.0168384109566661,0.00713982866643012,-0.0656547831276282,0.139762748521699,0.00124790378212553,-0.0810167919217771,-0.0124409102764011,0.0201459805428758,0.047227968735929,0.0993247988936112,-0.0864922862580451,0.148383619320652,-0.0925381450834757,-0.0237331418783325,-0.0895330687012209,0.0416258720259946,-0.0808456902347719,-0.0140365574890095,0.0159259640404242,-0.0114764118243142,0.00107822711793453,0.0626884466528859,-0.0311410293470382,-0.128826818156353,-0.0793264042740402,0.0222935076700896,0.032845451790694,0.382228109964124,-0.0691994344420747,-0.00121873441173573,-0.0728391442349707,0.03149161289329,-0.119129442578941,-0.0524270722749989
0,0,0,0,0,0,0,0,0,0,0,0,0,0,0,0,0,0,0,0,0,0,0,0,0,0,0,0,0,0,0,0,0,0,0,0,0,0,0,0,0,0,0,0,0,0,0,0,0,0
-0.0134395491742541,-0.0864765596204735,0.00011322076378016,0.0120839974471865,0.0732335642474924,-0.241210141888506,-0.0908188707832059,0.0686702792501394,-0.109807695491527,-0.00672802378561435,0.00124275062662949,-0.00217314760261854,-0.00466065869923114,0.0167889651366016,0,-0.0707888833885886,0.0193696901587609,-0.334724733499284,0.0149606913383406,0.0106803592527328,0.0462155738765657,0.0119160330564727,0.00624715943620719,0.0119776287940741,-0.0805435172309521,-0.0563122487530503,-0.0302571715072254,-0.0129928824146589,0.0873844208366863,-0.00386511650437971,-0.0115298181704426,-0.0956083262640301,-0.115286506759699,-0.00231476781134958,0.135247826739664,-0.0316619785466018,-0.0883080883904062,-0.0568971927785564,-0.0536156661382455,-0.00024493634031824,-0.00736033726045487,0.047328666354455,-0.128318057952467,-0.00346219146537161,0.0805614016120638,-0.00869843009446839,0.0497940422571024,0.00714565467674824,-0.0450385691039535,0.0244496802988016
-0.0237474669958679,-0.0113612047725984,0.00172645984921116,-0.0155590889153541,0.0118763998414088,-0.00283277188870788,0.0259700459325335,0.00410321891531336,-0.0631094920753807,0.00764710834144549,-0.00488328526737201,0.0171127851200305,0.0269295967972248,-0.131545731625087,-0.00755578718820706,0.021325094838213,0.0276315434805031,0.00172767153532969,-0.0488483532313971,-0.072787777574578,0.0414959648027256,0.00473346908838213,0.0173009387100749,0.0101862098758023,-0.0704630839369727,-0.0359936765927955,-0.0174378847617266,-0.310083406600248,-0.049875355764405,-0.0896720348942353,0.00618441401532588,0.000571567951808979,0.0699281277669499,0.0122594982954299,-0.074530847798452,-0.0189782049417175,-0.00878816316823126,0.0100581555155392,-0.025178657320606,0.0467463009193309,-0.0546444962673008,-0.0470200708450569,-0.00103468858448335,-0.243224109312065,0.0120895207306562,-0.00929171647550515,0.0942295652315596,0.0255792125464358,-0.0100206457419032,0.0305660868190495
0.0140120099612841,8.53691986038264e-05,0.00825766476126071,-0.0294292142134003,0.00548152593956527,-0.00525163755963874,0.00161533830417357,-0.0411033683362315,-0.000990693780488541,-0.00178757449023912,-0.0104976886351751,-0.014264882268536,-0.0987422352411055,0.110205404729803,-0.0638668832696987,-0.0617034999217938,0.0211572782999908,0.0255167192293645,-0.0295690520791501,-0.0262615029996241,-0.00528422891084269,0.000963575576242828,-0.0146560422467167,-0.04887637564271,-0.0131998998616072,0.0146334064183888,0.00665526605545573,-0.103134181497425,0.0318679201112922,0.00596216168222173,-0.0267524193015664,0.00481959357675607,-0.00010840122668232,0.000718188003666031,-0.00335938915763827,-0.0383313622769061,-0.0379775477509806,-0.0182515972451568,0.0689618022510926,0.0152867310268511,0.133545645047837,-0.00941153691750426,-4.75772170234054e-05,0.00170623280644186,-0.0266910282508119,0.0310157096178043,0.0570161939369015,0.0330812380702005,0.000921586144936714,0.015181899993382
0.0610595308227121,0.0666779283070931,0.120788601043805,0.0079554842910187,0.0376630799056417,0.0297331525638455,0.027918888846143,0.00118183690339297,-0.0178881492097499,-0.341451656456777,0.0109587049243637,0.0429146774456766,-0.0208742474008609,-0.0107520030366631,0.0177210317343927,0.119184185895061,0.0356530085293039,-0.0598934068238819,0.0301772890574811,0.193797909722893,-0.0604961333286927,0.0710883378083051,-0.0140184989630346,0.0508757717020888,-0.0965779799497463,-0.131468607207479,0.0620714382513479,-0.168949950497807,0.136220177695564,-0.0436086343804437,-0.0899980324495716,0.00169748038860759,0.00229712732564208,-0.0566927819659886,-0.0212784599600693,-0.0545761019423343,0.0817965998610233,0.0425001154005657,0.0222687551137203,-0.019146461150486,-0.035313763729426,0.0112577093998011,0.0065724943322606,-0.0724110463839331,-0.170415923453224,-0.0259582056009661,-0.00626314040427499,-0.0296142683499793,0.0309181922811852,-0.0118330706562575
0.00829767661878242,-0.02984440349267,0.00298544350042604,-0.0143504142595958,0.000109310931798305,-0.00726229036157484,0.110358505682152,-0.0502869499415353,-0.00184138069952803,0.00229227588003688,0.0502656448123975,-0.000474472756828785,0.00568009282104256,-0.0159499023479049,0,0.0316685729568638,-0.0072206402760764,0.00674407490025827,0.0178642020116263,-0.0606806273465247,0.0153169679468683,0.043184084129317,-0.217576876284482,0.0432665041837271,0.0261633876374158,-0.0117284636055001,0.00115641619418122,-0.0202022281856864,0.0109943054304069,-0.0119627742143212,0.00849235263899343,-0.00551754370969415,0.00799956454832891,0.00394767083460866,0.0354972732227041,0.0325816393775805,0.0300224568623244,0.0026370096040266,-0.0327353282370764,0.0196884530363792,0.00456954982397137,-0.0487905702867572,-6.01727985683823e-05,-0.0216887004013777,-0.0200278802240219,0.0038072579930712,-0.071979991638099,0.178182955318848,0.00577993331601706,0.0594297419232358
0.0248040921868995,0.000142609728933906,0.0137938368939365,-0.0488872714235312,0.00405961489511076,-0.0111616095059715,0.00269843177003213,-0.0650647504747991,-0.000282989695337096,-0.00298926753982186,-0.0175364482176099,-0.0239824836247711,-0.164901586656793,0.185280135127608,-0.0359402606342026,-0.102858461194561,0.0388111107805831,0.042643370536573,-0.0500061919066435,-0.0490941862044277,-0.00597796747524699,0.00160965844804314,0.00333879737426649,-0.03939897967613,-0.0108125688354668,0.00314521007335372,0.0111386842673759,-0.184609387611419,0.0531448621147045,0.00995982479942889,-0.0451937627327209,0.00272575746961205,-0.000351484187465344,0.000831632025212297,-0.00561187858137892,-0.0355902448490487,-0.0636610897302723,-0.0319335433994228,0.0719391816492895,0.0263137295125223,0.222078343748819,-0.0180691569902326,-7.94780100329224e-05,0.00285027154997686,-0.0446836208280983,0.0517934283770739,0.0268376868351078,0.0308186136771472,0.00153951486564356,0.0292151745112992
0.0190446821422325,-0.0175944021471354,0.11903808609204,0.00261205747212661,0.00298254427389622,0.0288165966013642,-0.00441277282082746,-0.00110876149769214,0.0214972364487397,0.160867131350347,0.0432193833371022,0.0266817673589073,0.061661773027946,-0.0728972535567146,-0.022766266009577,0.0385934440578485,0.143033115608634,0.0201008054378645,-0.0442626753399371,0.0704684729279322,0.0647452231882691,-0.0014699645550659,-0.0592404930148522,0.0468878811366201,-0.0237876148709177,-0.0519902041092057,0.015476092503946,0.0123883030949603,0.0522560356827939,0.00925766571406705,-0.0309579186280729,-0.0155942353998726,0.0134799698519677,-0.0353652921122544,-0.0271061521430054,-0.0946597417962776,0.0186985660694098,-0.0482761253060146,-0.0627378479169876,0.125324311068927,0.0712985016480469,0.0944579179499822,-0.0256982394431487,0.0622270616373134,0.0171475195565919,-0.0830342228865023,0.0598624954045097,0.0410482619054508,-0.0940439743443679,0.0480301399075108
0.088170787745269,0.0459136111114531,0.0775407730466614,0.047555730166014,0.0425302553162574,-0.0439408142888654,-0.0187779962918301,-0.0146296463835667,0.0707673221292309,0.385178577799441,0.00186153096660521,0.0170159604937192,0.0598304274240664,-0.152283566034099,0,-0.00340786717450796,0.104244321325445,-0.0210706032847758,-0.172138973707776,0.00604452139350592,0.151176298330167,0.145251415061576,0.0397604568009934,0.000500984155373258,-0.0879257492912874,0.0827939185259655,-0.164832222945527,-0.0653733157187841,0.0138161525346658,-0.0312178289763769,-0.00535579783822743,0,0.118116330610108,-0.0595109940930142,0.0091239712855306,-0.013305975217841,-0.011869052124945,0.110660690071941,-0.14620223007745,0.197856823131318,0.116901140270842,0.035543071384822,0.0627083185584601,0.168389231783059,-0.0199733671915061,-0.0533523190189403,0.0612453466029192,0.0454789888093777,0.176688546446236,-0.0977979492115548
-0.0189852008554185,0.03198580903077,0.0127440252244179,-0.0333195322906179,-0.0671428637428269,0.0733811309430595,0.0617643024700297,-0.12281493949098,-0.100086843587544,0.0436498197009739,-0.00145897392346208,0.0021448200712372,0.0067570784862253,-0.0161895947179743,-0.00108813915605683,0.0120826531262775,0.00928949932108889,0.0796661252903812,0.0303732665895593,-0.00324294668100196,-0.0707253817944925,-0.17501513095109,0.0395591257492101,0.0108226176562675,0.110395906031579,0.0678762448443851,0.0632164508551426,-0.0941788076907657,-0.209003658781509,-0.0853998690494413,-0.00760315684223407,0.167502857378514,0.0132634600480293,0.0081410138985813,-0.0631678152195671,0.0024752940337727,0.013143388357406,0.0722387025751125,-0.0164775171228453,-0.049299111849003,-0.0109078356229607,0.0426524850642356,0.225500314800207,0.170062579259083,-0.235273909030595,-0.00180403035720451,0.00239032292596829,0.0507416073583365,0.0505696066702204,-0.0904957792635759
0.00479233123523247,0.0109333104065376,-0.019960267162752,-0.0278961763136087,-0.0406438629825435,-0.0140341628814703,-0.0397437370180518,-0.01506422452889,0.0909235831654431,-0.0309738640401512,-0.0273693216782853,-0.0192645617938019,-0.131163711759396,0.148831149774791,0.224146268441093,-0.0851032377717987,0.0468429221614721,-0.000379580252299744,-0.0253767330259148,-0.0157792808073844,0.0350069968704149,-0.0155166422273196,0.0999625946987766,0.1127191714332,0.0671146890438321,-0.0446882694591006,-0.000539680469123803,-0.0945265875225495,0.0787612723959429,0.0567016307149641,-0.0235661104686975,-0.0161847848515854,0.00686683479035198,0.0199564740989271,-0.0388444863370848,0.0754942192590979,-0.0266957827561626,0.031166465702743,-0.132391163899101,0.0272579683565474,0.183260347611456,0.0605908227769262,-2.98623840203235e-05,-0.113555626870936,-0.0311133229024448,0.0297714836646875,-0.207107973434462,-0.116988091468186,0.00922547334834289,0.0608336980946007
-0.00832264497832673,0.0746831494049384,0.0409078529907847,-0.0266727339071176,-0.0123506030857522,-0.0112369052502242,0.0584720956394109,-0.00553324299014802,0.0566791922958958,0.127823608905892,-0.00702021252149914,0.0108151370533181,0.0264247359994357,-0.0645033714727545,-0.0308723224159522,-0.0208553214876141,0.0320316614067445,-0.0299552589371163,-0.0331790120082057,-0.00145394786487054,0.0190790349088202,-0.036161838479797,-0.00911407707514807,-0.0194129493222341,0.000537007055299256,0.0156529429994926,-0.00181170078216077,-0.00773004865955109,0.00855199457500829,0.00514527288037055,0.000433479009116247,0.00232378970826617,0.000257631994597232,-0.0427346911920903,-0.0445706769053298,-0.0151033881097862,0.0119868830150352,-0.0446059896577712,-0.0271372552192803,0.0237843379816112,0.0463038158500962,0.0016910913691888,-0.069064205325744,0.00618558129625394,0.00175459929983508,-0.0141674566834071,0.0615870134031184,0.0141277564731473,0.0495009806384207,-0.0327529984515548
0.334526808670093,-0.0256724179648187,0.00269551677132303,0.0276858486962725,0.0549166949944374,0.0964106474030148,0.0588172217992013,-0.0451096609677011,-0.149517351672788,0.0174069035729293,0.090373023736242,0.00663802721487702,0.118414726189217,-0.0530989691823757,-0.070828666739953,0.00552696670992864,-0.0193868393442254,-0.0267618414120874,-0.165443878337023,-0.0448346801619961,-0.166417406975876,0.0142931649691109,0.10111034620695,-0.0427856956041611,-0.0831931062371378,-0.0282164058386547,0.00717495835979462,0.144807443746164,-0.0262412562514788,0.0729150684943042,-0.0667308885230581,0.00548111486560318,-0.164026995342109,0.00524386044900869,0.0733280356053345,-0.0261186323556598,-0.0689566626919068,-0.308349150345694,0.251599943160494,0.0651624324965684,0.015858997435082,0.0366319909962127,-0.000184282489777373,0.0842451655787028,-0.0148355722586624,0.0154952656054391,-0.0880187895375461,0.171982320418222,0.00245246885582149,-0.0689562110558904
0.00951656013876906,-0.00846458234143439,0.0113517522520438,-0.172216418319216,0.0214325858748558,0.0909179987430998,-0.140563345635775,-0.00107942231737615,0.00340943344244851,0.0504493100393429,0,0.00390896229829246,0.0511636695634594,-0.0301992518443037,0,0.0321757970678709,0.0164050770272525,0.00299781449029678,0.016725857839641,0.0333654810497252,-0.347085467927526,-0.0858253893191908,-0.0637040647065904,0.00251724676913463,0.0135062584244001,0.00199690678477791,0.00150168730428632,-0.029002285113578,0.0105811564746967,-0.0204718907909077,0.131243468538713,0,0.0968057449409191,0.0610113294438265,0.101454499337229,-0.00481313485110153,-0.0193914942180798,-0.15698550353159,-0.0937148822137018,-0.19289284406558,0.0277561182125036,0.00444721641738695,0.00354126195827963,-0.00922983360069016,-0.00691774471808967,-0.00657754753483264,0.0641117457196991,-0.0728662766729207,-0.07747942445895,0.37687895506236
-0.053049633929772,-0.0523542029517057,-0.239029160444595,-0.052775884621874,0.00795721920217941,-0.0489660564991694,0.045202271341063,-0.0369945755105469,0.00256623482965453,-0.0335188163602345,0,-0.0601170998168328,-0.0165805033066939,0.00642588902363685,0,-0.0174920529465232,0.311176911114798,0.0935399942091536,0.0183486539588886,0.00927139695713505,-0.0566662889409998,-0.0147103167801805,0.0206444429129028,0.267327731747016,-0.0324619995786855,-0.0172729256129224,-0.0349088863815316,0.0643770036108217,0.000336432114594736,0.043848100836159,0.144578026637553,0,-0.0418823298314352,0.000658565124973885,-0.0249115818700564,-0.430345864256741,-8.60798210968964e-05,-0.00143462841124306,0.0198073388675472,0.0452434404287927,-0.00897636226553844,-0.0689503191064662,-9.56952347363323e-05,-0.00320020061438106,0.0405918352516449,-0.184382494973343,-0.0281675881557,0.0236136217677531,0.0606228285197896,-0.052535028970349
0.000400793663480033,-0.000548633758375356,0.00224282252726176,-0.0146068535514224,0.0539250130760368,-0.0205788128124889,-0.0442586274220239,0.0351496700104077,-0.10504197303528,-0.093447361663013,0.0891547086218678,0.011375085854946,-0.00193597024676253,-0.0867981279654211,0,0.033883480277815,0.0122558286366978,-0.0824646994342454,0.118020062106034,-0.223692167258747,0.00890951913879093,-0.0275066505609588,-0.0108259466965702,0.0222063071800391,-0.101707071479022,-0.0519223593706897,-0.0173683034478876,-0.246998370440725,0.0250492569288033,-0.0691662584259991,-0.000272906818914574,-0.000637265125249392,0.0128001372869893,-0.0346742711020446,0.037228593759694,-0.0204053299549315,-0.0139253738632292,-0.0753612973194822,0.0145878866424746,0.138609842067558,0.0198409608297137,-0.0537785353566983,-0.000206783466206784,-0.183304062115257,-0.0883059591956787,0.00328697192198769,0.04222561451184,0.0302897900480508,0.0117214979844039,0.00818446836376083
0.0641987082172698,-0.00249436175062477,-0.0162660583067353,-0.0486169052036248,-0.00335211703507451,0.0120178132717112,-0.0303015203669959,-0.0686042190624974,0.00297774372232937,0.0247727268226691,-0.0414750131486456,-0.0283132792917901,-0.176257655254071,0.218738321483526,-0.150865685181158,-0.129807560351696,0.0398802820218679,0.0104953811761594,-0.0642697868353538,-0.0303846529406025,0.00272191386403573,-0.0206620372294288,-0.00308223811389995,-0.118336829837776,-0.0563403487204545,0.0322024072503513,0.0152121235844856,-0.152957946729595,0.0636263595276796,0.0243365494079753,-0.0503490063105755,0.0124021383894663,-0.00538859434072387,0.0364154831625214,-0.108354375240077,-0.0879735058180568,-0.0723800426471526,0.00820207452982959,0.156080943581224,-0.0179424843477632,0.218308741758009,0.021073563722304,-8.56941136938639e-05,0.0767063979060262,-0.0484266804647923,0.0536643298418415,0.144385493780284,0.0356280966205593,-0.00389470985145521,0.0407397109582306
0.0599110214484591,0.00985326725322124,-0.00858161188553569,0.0104213769701983,-0.00503907495747345,0.0270223528975165,-0.00371701963648693,0.0306684206554532,-0.0113830742424513,-0.0415026447563791,0.0663272223420958,-0.00224780034092257,-0.00558132645912165,0.0169307256958898,0.00496799942288219,-0.00325171328502668,-0.00907816786485603,-0.00210412572441755,0.117287945055028,-0.00224784261633974,-0.0105423850795037,0.00679673529471582,-0.00391487061468303,0.00248661107005629,0.0181729210645718,0.00882008907217462,0.00419088659040299,0.0290254368958802,0.0124624463759911,0.0248162885635251,-0.00310515294338873,-0.000375811174136413,-0.0254203756095971,-0.00634553740199491,0.0192203385131983,0.00398769650520122,-0.0101578649186569,-0.0393023755586434,0.0338639942184071,0.0437381545221236,0.0391787848336467,0.0217590019692745,0.000596459559962786,0.0393989329826388,-0.00901632875389164,0.00477342266669856,-0.0342587632732543,-0.00828488582472231,0.0175317274439158,-0.0263674246321543
-0.0699986122983652,0.0397095717436397,0.00171364918121186,0.0182408155780815,0.0343665670351437,0.0103596474946793,-0.101059132456127,0.00664016561537377,0.081269364090476,-0.0499001304461988,0.0109118338108475,0.00679872386217462,0.0358091358713687,-0.0537957817949626,0,0.0702787543737668,-0.0130737351313821,-0.00818471358630648,-0.0202211624644922,-0.1295813033244,0.00193445241339959,-0.0296635429677605,-0.035516638818144,0.00688171663283629,-0.0351219561448665,-0.0292381234639666,0.000399413896426944,0.150805643182052,0.0761282451523852,0.0371588197141521,0.0101936869683004,-0.000626895737278559,0.00699368017565293,-0.0498935781705975,0.0674764441234705,0.010104987271162,0.0646886479386301,-0.0259702908507784,-0.00147185673743083,0.0830371645514068,-0.00680570701540526,-0.0170528833794949,3.53365889241322e-05,-0.169423381723931,-0.0527517353628029,-0.0123564468395211,-0.0231780711270314,0.0078030420608763,0.0121623616514662,-0.00294168069273868
0.0853353067896391,-0.0131355969144232,-0.00962360401795745,-0.000224725980196626,-0.0234211307298263,0.0766294310397525,-0.0119315656481881,0.0620547483687175,-0.0240863321979355,-0.063959656844039,0.138731035485182,-0.00731738090758779,-0.00211572053905957,0.0619801374132417,0,-0.00151266711215581,-0.0189258946356312,0.0145792892436405,0.257457935777106,0.016092781757887,-0.0619535903408216,-0.0520185175518431,-0.0264034069117446,-0.00390235468709274,0.0718152329716699,0.00400760477527261,0.0578551324209753,0.130673112396582,0.0345700931802754,0.0730564257250099,0.00577660527927696,5.11883261211479e-05,-0.0774013826959988,0.0132385712488625,0.0490782135371174,0.00795223490320782,-0.0120639361049022,-0.140079532755986,0.0812449819576825,0.0646101429152338,0.0833907795452612,0.0688582398175109,-0.0178077180280775,0.0811193414196134,-0.00749634549319777,0.00919729492422463,-0.0654825686528698,-0.0311267473544311,-0.0594438471334892,-0.00346289943821947
0.0199725586346354,0.0354088761976986,0.135635428392679,0.0214697336932522,-0.00475163764889163,-0.012071008671928,-0.0228371577327703,0.0180906429346678,0.0456068503815927,-0.00272509814907047,7.12196952179169e-07,0.0364000116478203,0.0150731272123051,-0.0181826791702271,0,0.00542176235602676,-0.141860742955257,-0.0387112860872905,-0.0152496218917187,-0.00531463449395509,-0.0244125679317512,0.0145467242193821,-0.0197484489036743,-0.134232755481366,0.011413881002226,0.0264570015023714,0.0146601796328343,-0.0117830458373402,-0.00297730304285914,-0.00924592149073114,-0.0698010739315472,0,0.0155759153234567,0.0978530106748684,0.00156640562293185,0.21565727592138,0.00345434570460012,0.0147137518705822,-0.00378942504685852,0.0201467021711531,0.022781390049507,0.0129168777968027,5.80316555957295e-07,-0.0337718154577633,-0.0116832024057667,0.0898146241866307,-0.00137483794435563,-0.0225887617737412,-0.030927912912397,-0.00889518534955133
0.0433796092261797,-0.0173245461985214,-0.0969662764564724,0.0560652933726546,-0.0179736207795886,0.309424995746002,-0.0303896218890735,-0.000808649904252483,-0.177363865768774,0.0885852303586612,-0.0207400636182864,-0.0365205781770775,-0.0424784201993669,0.103861764927326,0,0.0367755820422229,-0.140062044240989,0.017244066318087,-0.0357879281367711,0.0700538308240344,0.35952489061638,-0.0318374007170716,0.0542698738090871,-0.0405079045718972,0.0950561543912106,-0.0870018678275133,0.0121784640531874,0.0128996428220922,0.056755593064921,-0.00586200695459219,-0.0313239173343531,0.000118683101980625,0.0544839127146578,-0.674090824803851,0.0905500553675012,0.0644642692397662,0.0152497052737613,-0.0934166794415078,-0.0352038156940366,-0.274123801626765,-0.0814611554415915,0.206486744799742,0.000337089380185854,0.0492111657474041,-0.0294437685880431,0.0375622289680332,0.0712576232841658,0.052906918638207,0.0115273651846851,0.252192547083905
-0.12780076013855,-0.0695526589994674,0.0642525337820505,-0.0183238128668199,0.0430630540852222,-0.228767085370585,0.03913084868089,-0.0817056043745818,-0.043860993838826,0.0410862932953603,-0.0879127998427363,-0.0191617360497415,-0.0658184407100082,0.14803675466325,0,-0.0570940336423301,0.0076887763457298,-0.192546674510973,-0.131015405988587,-0.000159007800250369,-0.0267085056049176,-0.0321345995443517,-0.0556128217094356,0.00724847854744231,0.07470809487229,0.00264255301739053,0.0397476105188975,0.212214773193985,0.0464163098945851,0.00963696518036997,-0.015917873934353,-0.00143278275671184,-0.120277090862098,-0.045484982103241,0.269800083588124,-0.0077705504994231,-0.0266283161898083,0.00301336572926497,-0.0769850503358662,-0.0738266073422243,0.0584655004844683,0.0251714911784316,-3.54669955788612e-05,0.165798161066313,-0.0771026160831352,0.00744862082780697,-0.0194395093757774,0.0470715009069001,-0.0117242793297577,-0.0202147066151944
0.0280664756196322,-0.00215676676208201,-0.00134271854713947,0.0110361754150174,0.0050719461306062,0.00764443321682052,0.00317762897604143,-0.0100077492146605,-0.0119656800489794,-0.00216640527191429,-0.00132433284842925,1.87255439795724e-05,-0.0391587208404581,-0.000144666889933351,0,-0.003290064616761,-0.00389114860348934,0.00137840917674713,-0.034761561757495,-0.00495295778201368,0.019266996866471,0.000331838269059359,-0.0745431088723648,-0.00100981389574016,-0.0113528605989978,-0.00718989313742796,0.000108227545582536,-0.00519894917620596,-0.00375066323530393,0.00504091200717861,0.0354420848894529,3.5567346977574e-05,0.000191778234846914,0.00176691563678364,-0.000341550194763973,-0.000269111807325961,-0.00824415553551414,-0.0256015299820726,0.00125234501854944,-0.00034501109169847,0.00223400310614663,-0.00148566992377169,6.67573428513033e-05,-0.000173994235219212,-0.00021626924040309,-0.0030425166336903,0.000335719587145537,-0.0880118282511925,-0.00146058680873203,-0.02400223215901
-0.0499106916630245,0.0278007842210084,-0.0515686155367368,0.015750635802925,-0.0117296518214045,-0.0365566181146923,-0.169372873461107,0.00532973063435595,-0.0144117014167525,0.0340980723770074,0.000313835901224305,-0.012415379288323,-0.0105468314107847,-0.00019225579742759,0.000147705912284175,-0.0833626976317446,-0.0270942065530317,0.0195633281764856,0.0146389723119378,-0.0324914331183766,0.0276230388293905,-0.0752809631278545,0.0137425863204049,-0.0110009099412253,0.0340568693792938,0.0391654160758643,-0.0386291201331299,0.00319227311624223,-0.137371617747291,0.00428958479076239,0.0160709688337915,-0.00300542849136252,-0.013224744117488,-0.0145042106744499,0.0137154631921733,0.0191085706333654,-0.0886512570290981,-0.0499250407864903,0.00281626598869184,-0.0110206145329783,0.000924250379459143,-0.0213675751084069,-0.0032628695873481,-0.0148144497834786,0.132877941718192,0.0145966220509529,-0.0055568522944379,0.0158439773789691,-0.00466589486616612,-0.0450770383198485
0.0468737247556529,0.034577221340497,0.131211860317438,0.0185580075934224,-0.0114075959576867,-0.0248337426756162,-0.0409738616111597,-0.0150667004632648,0.042598748411074,0.0108335549621107,0.0246537015052515,0.0395926543952216,0.0186873931959642,-0.0212342561390233,0,0.00485417596049838,-0.150902999988406,-0.0730390608544034,-0.00734836727810852,-0.00424050869212124,-0.00863111819082094,0.00274981279082049,-0.153206684185831,-0.116927050127805,0.000515943009556458,0.00967485676853007,0.0129154773155293,-0.0351896616210022,-0.0103547281168897,-0.012918883726133,-0.0774853376364376,-0.00339308389719585,0.0103945088125613,0.12467274844297,-0.0470993992152039,0.24955964108455,0.00466783529805157,0.0280765838904777,-0.0268345868824252,0.0014186542213876,0.0202209772728959,0.0108883013141621,-3.07075255841986e-05,0.00409927730232597,-0.0151033840721889,0.0961963306135861,-0.0461156373837966,0.0868749772546671,-0.0358437600442236,0.0297768822440661
0,0,0,0,0,0,0,0,0,0,0,0,0,0,0,0,0,0,0,0,0,0,0,0,0,0,0,0,0,0,0,0,0,0,0,0,0,0,0,0,0,0,0,0,0,0,0,0,0,0
0.00945447215442051,-0.0201314294197894,-0.182635098472149,-0.0220594226578232,-0.0101749886232809,0.0031469047370197,-0.00545169917258991,-0.0608847813982911,-0.0169082279469612,-0.047995981201009,0.0192361751116152,-0.0398074977399266,-0.0278778938005153,0.0297216611110095,0.00666157021747131,-0.0133329466542529,0.0888464795180445,0.0117139756995959,0.0220704885919161,0.00123031869641474,0.0239847805057016,-0.024095237221624,-0.138458594167603,0.142122274509197,-0.00181482342625585,-0.0230912100433985,-0.0274245326259896,0.0115403686759194,-0.0107815836304304,0.0260246967250533,0.0710928130960872,0.000175005320397569,-0.0218204364402413,-0.0558703402506233,-0.0486809653587354,-0.143066359039693,0.00239440660496033,0.0117160148544379,-0.00504679929877778,-0.0645516460244742,-0.0304951148966674,-0.0266649379691126,0.00747977499859398,-0.0129068415627493,0.0112557507117347,-0.0587532251870478,-0.0830441302202765,0.14876174213815,0.0583786997306705,0.0469756730053616
0.0201745643539373,-0.017555012362546,0.000478308394313612,0.0833413328459603,-0.0313229032595569,-0.06373233847132,0.148094334895821,-0.00536628222260118,-0.0286497172156076,-0.0171310807218687,-0.00323086697548319,-0.00357656293114649,-0.0356909148940293,0.0284969698700691,-0.00247560160922924,-0.048051162080812,-0.00558277100922719,0.0108224164250505,-0.0082761106039124,0.084964289197099,0.172098151044366,0.0727106949587284,0.0318168883749329,-0.0030157491310432,0.0448156037611813,0.0312202273283876,-0.00706062146760661,-0.0308481180611034,-0.0520570230393771,0.001706760465437,-0.0699441982272418,5.00571972847436e-05,-0.0592618618643712,-0.0122124664274154,-0.0412158195856658,0.00179845740173884,-0.0192806601852498,0.0871403461566193,0.0371344311447293,0.0646308025555703,-0.0089875080152193,0.0189876552949899,-0.00185592943839515,0.0389393959643408,0.0456412260141297,0.00670285296187072,-0.0269483406175822,0.0488897300736506,0.0379232762240303,-0.199835778586535
0.0751954352552441,-0.00315313411065202,7.72384913382337e-05,0.0071667709655913,0.0159853709142431,0.0209164961628037,0.0126100928349644,-0.0234842254990809,-0.0371747228514489,0.00278585192061811,0.000241981751988883,0.00273571095288895,0.0312777954065607,-0.0211351294116094,0,0.00286150885133393,-0.00588530915873129,0.00204479169958706,-0.0905845930823483,-0.0109942818821515,-0.0416478391996377,0.00507247167228272,0.0377623909389516,-2.37069871529967e-05,-0.0305856138212767,-0.019968195228693,-0.000666999999089762,0.0152175603171112,-0.0179284973896192,0.00983919895160714,-0.0190475904724482,0,-0.0346709309130123,0.000624729995457497,0.00780334056869129,0.000630804591876622,-0.017090404055597,-0.0725075567899682,0.0534230554460986,-0.000977825117125855,-0.0157076054119634,-0.00811947702634529,-4.53833487347786e-05,0.000118285730341054,0.00371472528690353,0.00491975659875825,-0.0368653116042966,0.043193551913242,0.000992944261513681,-0.0171519065801717
0.020175950422512,0.0291479415999801,0.168706589622242,0.017204704318944,0.00304410189441209,-0.0428009080534309,-0.0183287327008344,0.0214518874840984,0.00846040142531774,-0.0223750105407287,0.00171304088071023,0.0379459209060088,0.144397474089442,0.0348943827999206,0,-0.00667849159200489,-0.180817157870873,-0.0823997133686611,-0.0221829982506833,-0.024067653531732,-0.00510559306133487,0.0123807553467889,-0.038501701124457,-0.165665615585649,7.34858027577434e-05,0.0235739335031761,0.0224668148322597,-0.0446799443966977,-0.0137173628610685,-0.0376930841503299,-0.0544633314771529,-0.000107034516416647,0.0177329946499382,0.122172544218068,0.0112409521558023,0.267908554384895,-0.00178748171341249,0.0157430091831779,-0.0263702702512704,0.00879532482533809,0.0813447877126625,-0.00164793876818325,6.63912706492501e-05,-0.00367684609804764,-0.0298006472846071,0.125833579817545,0.0164029305514001,-0.0356390460426199,-0.0428715286046986,-0.0318415564500764
-0.283064124502787,0.0101010950203586,0.00288039108843094,-0.0224750409939599,-0.0535575629355333,-0.0762967898160661,-0.0410288741496044,0.0905585101283029,0.125121705306109,-0.00553910713811914,0.00343871060555671,-0.00721069753626242,-0.0965916372536416,0.0557072834818109,-0.0356019934967931,0.00277442903734472,0.0146547220752148,-0.00761638207229234,0.344108465877164,0.043781635027351,0.150796372145597,-0.0165787924512789,-0.157647130374366,-0.0178146071576501,0.104166156924687,0.0820637294437357,0.00258980845959256,-0.0421166096522333,0.0547982265808667,-0.0459450080981666,0.07525263136164,0.00257069015264276,0.129072877495841,-0.00551515827314662,-0.0231259252781674,-0.0143592324761086,0.0684019494233078,0.267261668953229,-0.179535659617443,-0.000658479310815853,0.0298624482483604,0.0208587303074813,0.000175123879904871,0.0175923916682673,-0.00900418510002431,-0.0231987440108472,0.171297567423701,-0.143578008822821,-0.00519308387616771,0.054730209545884
-0.0322371712783308,-0.119296659724042,0.0776028192689937,-0.00334762372910146,0.00992554769302886,0.0505341228700065,0.0227731952261916,0.0172586135158819,0.0159219060577366,0.57697735911689,0.0786623741115286,0.00739166804902455,0.121000755623377,-0.146056628100124,-0.0517196220650725,0.0629255917220879,0.120737753619935,0.0616692181577159,-0.0537387461594846,0.116019482346391,0.086542784095034,-0.106002484895767,-0.00793186386194122,-0.0416323763898459,-0.026541850794162,0.023444523799345,0.0067271431459104,0.0128962613641998,0.0970863103510321,0.0276756863437051,0.0514566869164148,0.0116222996185906,0.0417706684891403,0.0534154963336034,0.000657015821498521,-0.0121863556859609,0.0548828056265919,-0.138611362646786,-0.0860146981347017,0.264673866034799,0.151883676683313,0.136678231790139,0.00359391169371527,0.0487591311402118,-0.0495361233162027,-0.0594343491188738,0.110625293444753,0.030559903475761,-0.189574717039863,-0.0162955550122423
0.0938197606234804,-0.0231790731534048,-0.0464504227321239,-0.0267835421694889,-0.00305113030683581,-0.0378105080514468,0.0465352733767307,0.0085729419707648,-0.155647659572277,0.13058795599558,0.0714480277509472,0.0054240125661903,0.0499518003370027,-0.158710980138702,0.00641568764686955,-0.0166283248871995,0.0193890970525734,-0.0795844368437668,0.0842674725256579,0.0159208892409347,-0.0266138044147953,-0.0325911999640507,0.021901392956721,0.0142650456640722,-0.00247344753064547,0.0819348383368504,-0.0784589297494489,-0.273269919858998,-0.135747764645558,-0.0918958122935534,0.0697759076434325,0.0512245728580131,0.0280207792977758,0.0399106549789548,-0.00700143673038831,0.00156173947030059,-0.059926756096123,-0.0147075938435479,-0.0845172700296216,0.0361072501650675,-0.0118432952924664,0.0515886823037046,0.0855483516934208,0.0112193718433921,-0.0610132579659353,-0.0135920206287213,0.0676651092551152,0.00361639194885844,0.0840701298264334,-0.0289114067074378
-0.00118345244565792,0.055606010837803,0.0418685402253093,-0.000865524653905534,-0.0231748614965785,0.10713200671522,-0.00783156048703177,0.00818053693346792,0.0727789077180931,-0.0331582396972778,0.00960188748204067,0.0120734620248098,0.0261535017321586,-0.0112139371115863,0,0.0304987113593352,0.0111813350457927,0.161548144841958,0.0207232957254951,0.0303139546614698,-0.0113945735384881,0.0387830140866785,0.0378476332436002,0.000750733030985615,0.00714848968743888,-0.00701421177679667,0.00458974980128531,-0.0278301498890848,-0.0152775065950686,-0.000299125555822725,-0.0435899909811182,0.000773409861955675,0.0625787253962683,-0.016418091015525,-0.0723087022748251,-0.00147928241007097,0.026517213247879,0.0169530753832172,0.0319196377344325,0.0185902135600516,0.00656957111711621,-0.0393418074442664,0.00100723311691294,-0.00562090430407418,0.0461725453859858,-0.00298828040326697,-0.0122244443995084,0.0432910541587168,-0.00896992623157225,0.0225112316006741
0.0658623122804305,-0.0577290854915772,-0.0246523835758259,0.0602837629688161,0.026065635852247,-0.126048021927814,-0.123222636769984,0.00158610777308098,-0.120971867951765,0.0086535762320862,0.0157985752470914,-0.0102861124633269,-0.00339225146417438,0.036594749795207,0,0.0756519946524321,-0.00976071764433545,0.170706114169942,-0.0211106383916176,-0.0328725693276518,0.013806410534481,0.163989003104272,0.00422370421470175,-0.00546012717182189,-0.0302278845957843,-0.022186107762482,0.00330609252666978,0.00599239200854784,0.0170637738635897,-0.00590674000237119,0.00969488247809936,0,-0.0288990656547312,0.0428138496619582,0.0454830790324732,0.00965408358568947,0.0124762845538178,0.108917624806685,-0.0176196054077269,0.0371678024366203,-0.0103351617066334,0.12604326605123,0.149533805445496,0.00143415650810491,0.0160965912321115,-0.000201599607446286,0.0142721482976302,0.0048311768065437,0.0174931414128578,0.0457463859466657
0.031109859598381,0.0542437019511417,0.217811874638225,0.0311728446080145,-0.00635551942725976,-0.0136306606113197,-0.031309562092377,0.0288292178159351,0.051846703175614,0.0143212951343049,-2.68677320474201e-07,0.0567990551523687,0.0234050272211643,-0.0235726167474994,0,0.00973099992303598,-0.225236659473461,-0.048476220119583,-0.0103038989837571,-0.015124088880445,-0.037504041797903,0.0245252151126851,-0.0287716563328228,-0.211432080225421,0.00427965599462923,0.0342437604013023,0.0273759448597455,-0.0473518282827773,-0.0161381908529625,-0.0326042291807185,-0.111035766388371,0,0.0317267488924259,0.154934480712325,-0.0162509791296974,0.339889219383535,0.00245061490534579,0.0277456050209469,-0.001301681953537,0.0178018360256994,0.0217971838107886,-0.00413697047356374,-2.18925252072966e-07,0.012740465761581,-0.0169074864164751,0.143307724501977,0.000639261306870043,-0.0329097284504794,-0.0537825853880702,-0.0164855093663302
-0.0530222618950309,-0.0978700955322306,-0.373172747660408,-0.0154110721640084,0.0288514742562959,-0.0548737335590001,0.0363258223988973,0.0212770907914754,-0.0508481406902968,0.279834496618456,0,-0.096762114601329,-0.0357631083436524,0.0416770079130123,0,-0.00565394060216046,-0.185202243177923,0.0208010386311416,0.0749137712384943,0.0321851930047531,-0.00860812139303856,-0.0565567378376279,0.0445287718310953,-0.0816521962547682,-0.0370627597087937,0.108164742885116,-0.0686618324868585,-0.0307693015361104,0.0942999051825392,0.0449117648919838,0.201328098526447,0,-0.0127693158296886,0.0503599266713591,0.0443259269092554,0.141828256037153,0.0494213712694195,-0.053083787442269,0.0514317126252066,-0.0733200287154667,-0.0242808038441062,-0.0997547290669881,0,-0.10968570421606,-0.06671332663497,0.112753365083426,-0.0749198667675197,0.0509331048669219,0.0980752787567856,-0.0969656040125204
0.0679548081309725,-0.0427811241819394,-0.00724832594651097,-0.00101941200710041,-0.0363881550528281,-0.00427267341495091,0.107920988883098,0.019664572727878,-0.0947679203176753,0.0543610468770593,0.00108023795908188,0.00290659709646652,0.0278421435817208,-0.0211047640155836,0,-0.0331254523556888,-0.00149906935603735,-0.00785169602069595,0.0505631468271114,0.152759501586218,0.000949740295552415,0.0314374964899763,0.0318066297864555,0.000616548729270893,0.0347228274865416,0.0315876202998256,-0.00469114061789546,-0.104059430385858,-0.105375459336085,-0.0493215764995157,0.0073226200190535,0.000666006121629571,-0.00487278247909155,0.0531615228820781,-0.0741478802517492,-0.00339260356613339,-0.0455633180893115,0.0381060151814556,-0.0162677070536314,-0.0953945238208537,-0.0819202200428965,0.0211011957351024,-5.43505089212125e-06,0.179909582783148,0.0734066598288921,-0.00722081867698842,0.0308581337744337,-0.0150679283349631,-0.0136235902204986,-0.00884548632729526
-0.0403482596150648,0.0644733787191411,-0.0421117784486077,0.0316745146567257,0.000940374810341878,0.081990202962329,-0.164407342604789,-0.024219763500564,0.236614529354076,-0.160892916056718,0.00858194358278423,0.00874716305504534,0.0319746884286379,-0.0736324570692354,-0.0163372556055104,0.056473899218804,0.00252795207649697,-0.048015698066224,-0.105642166574024,-0.0799366688263739,-0.0218204306744892,-0.0833914718118047,-0.00513433362123285,-0.012409419655111,0.0653442245639791,0.0406523344492471,-0.0115348034146003,0.305195635012367,0.102995309066713,0.14688572765275,0.00691083764021288,0.048195807130284,0.0143651345677301,-0.0300700572100165,0.11370764852828,0.00412528105913799,0.0836330184604666,-0.00615527347727046,0.0117013736383597,0.16864169413491,0.100589175185421,0.140069169289603,0.0795106611908756,-0.57749849548576,-0.122677646756066,-0.0187462687117989,-0.0334597315327534,-0.00945835868931548,0.0626853847512861,0.0028113386794009
0.11664494745522,0.226164454786353,0.00363258784397554,-0.0731213451724367,-0.00196418101033858,-0.143606500982873,-0.0684446135214447,-0.0102813660842024,-0.00409962801441074,0.0202930980246245,0.00180361613499953,0.00750628566763309,0.0206002484416637,-0.058091532535796,0,0.029583830032877,-0.0132441061180616,0.068410648076576,0.0274032630182449,-0.041233409976025,-0.173938409670635,0.0930017661559634,-0.0250048324247064,-0.00521531172056213,0.000679675456518386,7.79528636262897e-05,0.00667182428566753,-0.0243872517924701,0.0100586395197519,-0.00403490582707556,0.0613863387277096,0.01612655438403,-0.0316283083320986,-0.0801784860259692,-0.00589492625887009,0.0104291135094411,0.0252289338219832,-0.0101046181514885,-0.0873018544689284,-0.128954651251322,0.0475859898539883,0.0725435268737032,0.00904727689599278,0.0295482203707509,-0.0205002376974795,0.00253536450562572,0.0605516951380527,-0.028601142580313,0.283501334386121,0.0830867758999016
-0.0688110035716793,0.00387164744450211,0.0102945606200918,-0.0821351903679934,0.00766264195090705,-0.324682398538057,0.0307453550733818,-0.0160402558232895,0.179996394935715,-0.0223598850263412,0,0.00820542177988334,0.0404113361307835,-0.0633921690489766,0,-0.0436054040847392,0.210420185710077,0.027406234004155,0.0448017195012831,-0.0543732919449011,-0.408727543080276,0.0209785626132963,-0.0503162965776363,0.105034952739608,-0.0829234428790869,0.0443922060083681,0.0540232514620752,0.0492085739539262,-0.0577301982652369,0.022248052384903,0.0964035844739805,0,-0.0681458921385271,0.695020751596557,-0.110256792545087,-0.170652065017276,-0.00830147698602732,0.101554270974013,0.0592980753190471,0.218885740116429,0.0575431218327138,-0.254858763386436,-0.000470402397794323,0.00130961405765251,0.0601711524418023,-0.0804833667075026,-0.0824162203177791,-0.0575530180761524,0.0102856501415282,-0.259447597591746
0.00559641850922509,0,-2.55905035259267e-06,0.00109928187941062,-0.02042066389118,-0.00956961210741097,0,0.0144168335390765,0.0054963425818956,-1.24761991740052e-05,0,-0.000612611856532287,0.00019179768109887,0.00473282122631535,0.283435341788328,0.000871679340907745,0.0138924222092285,7.02954219447838e-05,-0.00244746144934575,-0.0209290137771999,0.0114150437567585,0,0.111458816460438,0.169257747122335,0.0450210762693292,-0.0853313031273279,8.42284676306544e-05,-0.0493686337147548,-0.000363273791926698,0,-0.00201788722639006,-0.0213344536032148,-0.000682648424878501,-0.00147469107052583,0,0.113945500364902,-0.000878879242874562,-0.00578549638511569,-0.173314460483909,0.00311342958518058,-0.00404787822384037,-0.00940300391840059,0,0,-0.000385021756125571,-7.40736494005917e-05,-0.274054731926526,-0.0979259098447424,0,0.0154386709841635
-0.000982411366047501,-1.77041370407001e-05,0.000704502616693425,-6.13794479900396e-05,0.000385326098216569,1.86371950298769e-05,0.000658533385401254,0.00100479965913493,-0.000413816962050907,-0.000142221508272939,-0.000721032032480689,-6.7340836719589e-06,-5.79100877511932e-05,5.20251343531595e-05,0,8.19244993597512e-05,-7.80330141707673e-05,0.000819064255906951,-2.69035115922858e-05,-0.000289864656493241,-0.000829276867651673,0.00038763837078348,0.00384712659503724,-0.000782395029020001,0.000166260146388059,0.000522340628364096,4.93834128477984e-05,0.00013911096439398,2.15818949869146e-05,-0.000375128982756329,0.000146594900031313,9.86186495436962e-05,0.00020611422391259,-0.000673536714813977,0.00186903162127386,-0.000533062775580078,-0.000149233158521059,-0.000521799351069218,0.000488365586146113,0.000346411765613176,-5.42798213377251e-05,-0.000369803660260373,0,0,-8.18217438405838e-05,3.71240433774696e-05,0.00148254457536901,-0.00321787648790886,0,-0.00108832443071404
-0.000224848168048882,-0.000117425753766893,0.0054626289521619,0.00135642331358163,-0.00719199818756739,-0.00117196986328774,0.00420656620975083,-0.000100276912300553,-0.00747891113288742,0.0263950219447785,0,-0.00224854649924581,0.00219845232083827,0.0173714701837913,0,0.0110394522279349,0.00114070775295652,-0.00450578031260232,0.0142177409488372,0.0237799162853,-0.00715797948371506,0.00246972502273723,-0.00273730070763058,0.000343214245959954,0.0156403110219609,-0.055935400259672,0.0821802886649315,-0.00127926866194191,0.0171245587227284,7.26981668882366e-05,0.0013442637183515,0,-0.00757744084070853,0.00222296268246857,-0.000360277230848465,-0.000607439563482813,0.0116170199653015,0.0021696544842801,0.0215650604808966,-0.01614525490527,-0.00702968315517188,-0.00768543545891793,-1.53709598610456e-06,-0.025571820878386,-0.00326990637972765,-0.000480669346368543,0.0045375601272905,-0.00313099190166051,0.0019629816350708,-0.012236059566473
-0.075767649128336,-0.0720573397373616,-0.000471489739567879,0.0076786870003148,-0.0107873489921877,-0.142937502744515,0.000203033516709933,0.00179960603476357,-0.140649268198631,0.00586084441937599,0,-0.00313191343963689,0.00346665056127065,0.0241960488489412,0,0.0764834604783818,-0.00926468793557396,0.239786639080324,-0.0143614087408706,-0.0460201451157585,0.0259937253402185,-0.0402725771275245,-0.00431633879185329,-0.0113160783157863,-0.0214645033711696,-0.00874321834974347,0.00569188166749241,0.0065396985801345,0.0309579772571588,0.0152455767430959,-0.00459502455251327,0,-0.136096931763264,0.0578532660043199,-0.0755539569537499,0.018459824616416,0.0606575978916975,-0.0603169684791141,-0.0341565312927579,0.0300803494548184,-0.0201061072361938,0.172136133466891,0.00919601123504592,-0.0239681939629186,0.0175131658670668,0.0076474207907006,0.0266898916325876,-0.00493713451519687,-0.201199929912989,0.0715189719053308
-0.0340307984173405,0.0310406867978487,-0.00865898455777421,0.00289738928753628,0.0196472126468989,0.0112682167180546,-0.0946992896013388,-0.0133247470894401,0.0796392689551738,-0.0307269632560003,-0.0139181871426038,-0.00383122924563902,-0.0222171748999204,0.0286145237173545,-0.00747683880074554,0.0140879141069261,0.00250223231756291,-0.00959338181881395,-0.0494122036341514,-0.100939269781535,0.00379041780594837,-0.0328183056048092,-0.00254687630892421,-0.011265522651122,-0.033891206338245,-0.0195599754199142,0.0041606153506839,0.101087282600359,0.0839484493846651,0.0482012985698952,-0.00701449127482592,0.000721586437752046,-0.00053845800785075,-0.023869726697558,0.0145114415727545,-0.00312490863351269,0.032349802604914,-0.00998406698676814,0.0216935869736497,0.0508984508171016,0.0564404212166475,0.00672345178050793,2.43820741572445e-06,-0.110882604922529,-0.0539377496778049,0.00483332419198067,-0.0120156492105482,-0.00923401964291748,0.00843598150309498,0.0131722051341359
0.031308671853887,-0.0146274839951194,-0.0457674882826775,0.00559189023878886,-0.024017329789319,-0.00339579770926076,0.0664889637122805,-0.00695871153019359,0.0764066121780424,-0.0581541685029123,-0.00273080441996624,0.00154202358650379,-0.129836741661066,-0.079020242119968,0,-0.0274942866269514,0.0440673153685031,0.0213937122668477,-0.0469223520551051,0.151237097288848,-0.0276779114474379,0.0286696673893668,0.0134628077936655,0.0297512117129407,0.0902635368076364,0.116478350716055,-0.111187286370372,0.0663827523360568,-0.0126470410301012,0.0740963578834661,-0.0106015812329292,0,-0.0260068392882978,-0.00268053581488141,0.0620009255391908,-0.0492162015950982,-0.0209015889631212,-0.0119423089866567,-0.0295648621162703,0.0337120586127865,-0.00414224137340935,0.123672087006005,-7.33233947758518e-05,-0.181428353843499,0.0539160749073485,-0.0375531742924059,-0.0263413387563057,0.0153990908116433,0.0238423394547076,0.0307341849673367
0.0492748180023222,0.00276770814607216,-0.00549260331726691,0.000162970777669198,-0.0659141854247614,-0.0193923294291794,0.0133789104478313,0.00415504412129203,-0.0679809087373854,0.160228831775484,0.0375250218147719,-0.00706866369493096,0.0387668300076589,-0.00673789632835541,0.0033695656337043,-0.00984453414538665,0.0136770866209109,-0.0623177493744754,0.0851700472991826,0.0264015878847679,-0.0247999054712142,-0.0118490092836747,-0.00410059624541219,0.00519076495437895,0.159980868247305,-0.186511653083785,0.339455861247302,-0.0517245065569975,-0.0575500388451874,-0.00721452116750136,0.0385598897104925,0.0269035167863515,-0.0298865426351888,0.0190374221732535,0.0288723864816333,0.00383181230389414,-0.0200017188529835,-0.00721849181469963,0.0520364110095105,-0.0342270206129358,-0.0108981777387295,0.0395582251254016,0.0449306141060114,-0.26641245601525,0.0419351798649825,-0.0104452140903981,0.0580998345621771,-0.0159481592787163,0.064695979729619,-0.0375206230584361
-0.0108191005853507,0.0120161770235822,-0.0408337732357838,0.0074121652133337,0.0263251269472152,0.0790306548196162,-0.0410810978632048,0.0242353623379055,0.0543340103971329,-0.10642703023094,0.00583821387148046,0.00263854085283319,0.0223923832986601,-0.0456036003541431,0,0.0113878034643437,-0.053602050648229,0.0154699495601559,-0.0373710745610005,0.0471181370000064,0.0786048820946248,-0.000465201712348529,0.100779333767888,-0.0319267783665472,-0.0269197532512824,0.164532473072887,-0.26986863622168,0.0149925070764017,0.0558373140289262,0.0349052785984964,-0.0550499463464006,-0.0103743799433022,0.0392685020942327,-0.172523480250307,0.0526131299229852,0.0504962083131082,0.0159467771217081,-0.0264819013085644,-0.0744789294216771,0.0303099020347017,0.0459827180234173,0.117691264920178,-0.0138793863376734,-0.0867983687395482,-0.0318681515357364,0.0284046913207409,-0.0115076188199945,0.11527388167562,0.00386276926299815,0.117142626700766
-0.083708222652211,-0.0536363981684103,-0.298191373785778,-0.0107407128068409,0.0346317686235846,-0.087992792483883,0.0299542253287577,-0.0176153183177226,0.0350151265203624,0.124216482075177,-0.0783819840165264,-0.084831786961822,-0.0613889549299786,0.1284158206114,0.010859515753717,0.0181601487031016,-0.167102938452104,0.0155667756596029,-0.0135498579111348,0.151995496352223,-0.0738395590081401,-0.0150057385760521,0.0319534211455551,-0.0590446918360864,-0.0400341236427364,0.0707840118335823,-0.0318489652941037,0.125939415147671,0.153437397578217,0.0708645671572629,0.14657185161491,-0.00577904410839486,-0.0392796711723305,0.0631629631425233,0.0519757536457304,0.112980589752057,0.0932092818170335,0.0294445592600791,0.0545208935966973,-0.163933476406016,-0.0477902831771275,-0.113665833730299,-0.00520877097837995,0.0061131261593558,-0.0987443221285586,0.0975825873836162,-0.125334610719658,0.028227500594857,0.105813934181852,-0.109133640113159
0.233257280244956,0.0372646940770576,-0.0320196872300897,0.0215405324159321,-0.0171852283402002,0.114691735599016,-0.0297948707075702,0.118752821394974,-0.0437476301019922,-0.155341745290265,0.257084722357743,-0.00828456801752928,-0.0160322922977513,0.0623176398152138,0.0192559963647762,-0.00908132808914408,-0.0333911462427246,-0.00782742903238563,0.456439802175043,-0.00506008270869487,-0.0788583148492052,0.0169487541226789,-0.0221478418687817,0.00991368659356643,0.0719169042994184,0.0344053239460733,0.0164082941946736,0.109327848665325,0.0494628539455402,0.0939469988279904,0.0023318268785911,-0.00145664642585942,-0.087932062746052,-0.017916340562507,0.0856045262673383,0.0149294351458042,-0.0414947628724651,-0.16952168764813,0.120997941850508,0.148413088176419,0.154895715125297,0.0848248690964731,0.00269954817203585,0.151700103238485,-0.0357046416503187,0.0177817616919661,-0.12576876877098,-0.0400890487898779,0.0594712950750518,-0.0609427973471773
-0.00145774350168116,0.0324337011402811,-0.115365942984708,0.00693161675915304,-0.0100804732160881,0.0347535556929398,0.00209066861620407,0.234291065196508,-0.097525554845643,-0.399346981490615,-0.176914723468699,-0.0265234986980519,-0.090209045129415,0.156911124232649,-0.00230889020910578,-0.0434518804143839,-0.10449897541495,0.0375340641983785,0.102045629651617,-0.0729450203309751,-0.172510730674194,0.0172103609744471,-0.0804006480501263,0.0095069783720911,-0.00284768854299494,0.000285236928906767,0.00444062623829763,-0.000572566195357208,0.0210967777517712,0.000498003509267687,0.015151535542501,0.00207425947775044,-0.0581196988934485,-0.000529358663383888,-0.00665017695694578,0.0301223792523897,-0.0383517534314334,0.0386744728414604,0.05372682570866,-0.180716528084137,-0.155369973619977,0.0254360905727488,0.00296474467321832,-0.0192467234778664,-0.0405593317284707,0.0621783857685651,-0.0715978927704387,0.0688852614400607,0.0612802530236771,-0.123003631575522
-0.0207671773682093,-0.0580297450188615,0.0147870486630834,0.045576153779803,-0.0323171598149923,0.0572990142193144,0.0721005690248903,-0.0326506864710225,0.0211886033655819,-0.0389841061083676,0.00442012216803394,0.0106548908169079,-0.0778472491270235,-0.0404852692644201,0,-0.0150731161092206,-0.0134344665312833,-0.0151587250878868,-0.0299522669616483,0.0567358539188955,0.0587959231618752,-0.0673698331463432,0.0193172659296557,-0.0179155168505504,0.0767189720517092,0.0794406911562554,-0.0298223605889793,0.0148058294601855,-0.0673383519083703,0.0158908211386046,-0.0587367212239022,0.0504632161792639,-0.00732728790738281,0.0411893201458111,0.00962641233528833,0.0352087064542593,-0.00755423979272217,0.0328789180863386,0.0190736173800188,0.0892934343595377,-0.0156935199249861,0.0651762714951717,0.0716885049537882,-0.101985160967277,-0.0598458526794048,0.00406259407353636,-0.0376200575144729,0.0220955640786459,-0.0611536339270251,-0.0860263712198308
0.170606869469368,0.0191284625284486,0.154815794413671,0.0129061410143406,-0.0107055199860353,0.0691060598825985,-0.0242716813194925,0.0636076571574461,0.0956343365718183,0.730649742581375,0.201705629437809,0.0202359507890158,0.144020529771925,-0.185829372935761,0,-0.00676774269246429,0.187948793664572,0.0109269447531039,0.072365940470355,0.0317531027606376,0.110096112300141,0.00311587840385565,0.0064293057221979,-0.00793067156762817,0.0489542137591236,0.0441815615152296,-0.00615375285003888,0.0931075156606131,0.081129607722855,0.0789451177283189,0.0354652023834387,0.00231074887209555,0.0570958501627439,-0.0350099010561757,0.0642539133316716,-0.0085912635740554,-0.0178976295330094,-0.172660574403347,-0.138009997089594,0.418330030346213,0.347018901050544,0.202096568439175,0.00617072276070953,0.187635909359329,0.0025764493698946,-0.0890244431678985,0.0631719267432372,0.00760065444607727,0.0315132166795577,-0.0706384393544113
0.126576982623489,0.00127464872240512,-0.0887691031448733,0.0107558755435952,-0.0369918546753411,0.0690955131034363,-0.0843572143954358,0.0372771308786771,0.0288724499526448,0.0165378851335651,-0.0273960818874787,-0.00225173026596155,0.00173643145685438,0.0173960668326011,0,-0.0385582700707586,0.0178274530947245,-0.0925246534095576,-0.0101513576143177,0.0417277870126494,0.0292118286319178,-0.0504548734032345,0.141272404298163,-0.0297276089241739,-0.0706214755604431,-0.0050877162542527,-0.00378214025488419,0.00518575040695487,0.0454316316496507,0.0500254303143284,-0.00516390275078377,0.00374707984780693,-0.00618032601927068,0.0890318961186995,-0.247537004665173,-0.0211916593571289,-0.00658917251186376,0.0726265111631995,0.0404845733695878,-0.047820815443674,-0.0144028495423353,0.12877399244564,0,0.00127585377240113,-0.01845812128397,-0.00468438353898838,0.0393414050555689,-0.127871973104567,-9.62459711774812e-05,0.0396788967555703
0.0012330920535015,0.000927459179679582,-0.00237017420623661,-0.00899328537236628,-0.0036500723042836,-0.0011062374799293,-0.00568361417695499,-0.00536905892851984,0.00786713359851345,0.00105802189691886,-0.00515671369280564,-0.00371690353063621,-0.012535088086902,0.0287154741430219,0,-0.0162635104467982,0.00744793174178943,0.000640586195136089,-0.00123595163416334,-0.00282227616038372,-0.00437039332893337,-0.00277928094188377,0.0277642467796339,-0.00364394395211882,0.000981836638318424,0.00144917022231465,0.00131690772653713,-0.0180152783231538,0.0111493561837966,0.00474067178248898,-0.0165345356626133,0.00012950113810158,-0.00137639368864225,0.00413884350776483,-0.0120401585599002,-0.00333369292786193,-0.00669362123403796,0.00710475217655444,0.0077690642000575,9.67127799592955e-05,0.030357833624364,0.00582462919544568,-2.97409579866057e-05,7.75158959081479e-05,-0.00620989345003726,0.00781707751940279,-0.000964017035326033,0.0217534343526124,0.000650703713762953,0.0135128840581354
0.0943721019880936,0.0396263423886458,-0.0921925122316104,0.0218066872909415,-0.0444813938110826,-0.0554658821738733,-0.212117365795044,-0.17764831755558,0.0533469032625982,0.0144457801638964,0.127631477493033,0.00262788871019742,0.00383039000508504,-0.0203021331294806,0,-0.0159718456700764,0.00591293374500656,-0.103662436346037,0.0105474379034322,0.115302844093617,0.131286623700603,-0.0973737652280665,-0.672994335537559,0.138493477458231,-0.0231014386895781,-0.0947995466474155,-0.0140806358196661,-0.0514987835680336,-0.049993517479555,0.0466452716427064,-0.0285590345998081,-0.0174567056422235,-0.0460485376336146,0.0640586354744623,-0.232929083929476,0.0945808176097557,0.00312897268153017,0.0327275882134667,-0.0945417891780495,-0.0452072674542825,0.019230783371009,0.0228084165818465,0.000104222781271685,-0.000271642973570389,0.0473210867283166,-0.00541729399308096,-0.260096557216869,0.578747255887026,-0.0022802947659834,0.111500350012289
-0.0608412266203516,0.00529137231299284,0.00151786563836796,-0.029635665141351,-0.0133287147897405,-0.0174403217323102,-0.0103976449754695,0.0187236900723896,0.0309965455873862,0.00539120417561176,-0.000201766088124223,-0.00228105504925988,0.0783691072715904,0.0176226196741296,0,-0.00258193201892937,0.0130265262197119,-0.00263850370070936,0.0755300713393861,0.00916710962237615,-0.0449100370207798,-0.00240304487618636,0.18029676416093,1.97670527622724e-05,0.0255025000971175,0.0166496217383336,0.000556149294271512,0.000550911252769728,0.0149489073226273,-0.00820399334422925,-0.0877325609990714,0,-0.0012502802030857,-0.00138277555971621,-0.00650648029409351,-0.00141853401546995,0.014055718948027,0.0604573112340674,0.00193403947737293,0.000815317465596164,0.0133930242281634,0.00677007709777823,-0.000164404243813401,0.000428498041523638,-0.00326780570218627,0.0113868945463816,-0.00131760482160356,0.206227875114279,0.00359700760331759,0.060809899290397
0.0383790318108863,-0.00806779783064061,0.00311025558087179,0.0156388163985999,0.0109896793501466,0.010493274880047,0.0120727088382797,-0.011756729473266,-0.0464603547917135,0.0166887051403174,0.000127275328664846,0.000728336835921434,-0.0505475490489329,-0.00562687124024777,0,0.00128219963774759,-0.00883274171127131,0.00437837704736229,-0.0330723884365676,-0.0153150863357795,0.0301003424325911,0.0010760285341917,-0.11234801325695,0.00113465015444933,-0.0314957286540851,-0.0192501710829996,0.00449967209049908,-0.0316409089285938,-0.021313992488881,-0.015286443741895,0.0550292230284039,0,0.00474588280369345,0.00171174300531796,-0.0121202444503497,-0.000730100808779143,-0.0141017282051787,-0.0338223745891507,0.00149497593939127,-0.015897038370343,-0.0240516762625029,-0.0275110443809664,0.000103707240199668,0.0719088320952239,0.000616985071005895,-0.00607564059331961,0.00560904827132178,-0.128506421926746,-0.00771395785302898,-0.0412261166740257
-0.0673419042545314,0.0588830673930175,-0.0188663292578451,0.0501416393970751,0.0483533859374455,0.0249514002503105,-0.167721748376964,0.0156588122919528,0.0693628255824033,-0.0336665692512454,0.00841893077548884,0.00325232563482386,0.0135874736920155,-0.0273821799515708,0.00645087486855529,0.0752681625081064,-0.0109161550922997,-0.0328539913438852,-0.00439581233788232,-0.273187535503102,0.090289072794873,-0.0562516745572586,0.0159723399709266,0.00395116083358542,-0.137743778683322,-0.0844526242133705,0.0160675421208318,0.125400196418816,0.119225326246823,0.0273286153894544,-0.0214542420849221,-0.000130438078061762,0.00416347691246093,-0.0628775543713947,-0.0500762550452911,0.00278446594454592,0.0803402609252568,0.0166011230006453,0.0486981795499948,0.130990711833905,-0.0196630159254242,-0.0563805457584332,-0.000660530791462898,-0.0871411632201331,-0.108193440603594,-0.00725662727227908,-0.0292915020066537,-0.0142943393414748,0.0214422699299044,-0.0642557525632269
-0.165464861436434,0.0912997363911764,-0.00539787773690377,0.00146635797426367,0.146240675345522,0.0546026896352915,-0.350452524757199,-0.00298899179941968,0.073906461981826,-0.0295878103267605,-0.00696122302987266,0.00328739496448455,0.00126800304008659,-0.023363474051854,0,0.130550461716804,-0.0190404611470201,-0.0177239862071572,-0.022410141533333,-0.56621869539578,0.0386849406979894,-0.140333480315602,0.00546079214023943,4.5450375512105e-05,-0.360405257622589,-0.0518016429141677,-0.151368206550658,0.128893900639735,0.197475385602877,-0.0261305202876024,-0.0142331929456499,0,0.0713166169663289,-0.110509068618014,-0.064213620317117,5.45219082146697e-05,0.115591060700287,-0.019406174681867,0.0213787071532463,0.154844448511365,-0.0135834760287062,-0.20068254089062,4.97985350128614e-05,0.211917755377921,-0.25230918024597,0.00473408226254988,-0.0393443934008425,0.00624618841476895,-0.0173444096448756,0.0309485403515846
0.0371640363466584,-0.0066114152088865,0.000351312820590263,0.00250962426960005,-0.00296586337698678,0.00431021008722201,0.0255615018282938,-0.00833236333386676,-0.0179000587821118,0.00278191245085251,0.000504661215897062,0.000794598059103621,0.0112600725929645,-0.0062605995453262,0,-0.00678254530462824,-0.00099253919749504,0.00180271661823601,-0.0314882961511673,0.0299304084906534,-0.0174115717824848,0.0102440388640951,0.0133591494321925,-1.13144947071194e-05,0.010502209709827,-0.00413429266009509,0.00882483229456976,-0.00220511324925756,-0.0183261087795553,0.00513117663924047,-0.00605089283087309,0,-0.0168374833818585,0.00684563527937095,0.00667440127128419,0.000225357013197079,-0.0131176940149011,-0.0251165593373097,0.0180816068550616,-0.00962918497555749,-0.00487929723246897,0.00907763243468863,-1.94311100990146e-05,-0.0126504680855827,0.0164590120193755,0.00149950960137834,-0.0110044784876367,0.015280523827239,0.00139875949082265,-0.00807011116229625
0.00359010874875992,0.103141731760666,-0.0507282305849811,-0.000422281517329603,-0.00158251234661219,-0.100423155665434,0.053330747052903,0.0162147075019781,-0.0909667013879248,-0.226847333638219,0.0105141325463218,0.00342465300858422,0.0105673242607943,-0.0121024765054747,-0.163953532098679,0.0486512072091388,-0.102742585825433,0.0508768115712427,0.143639798585876,-0.0311853587734616,-0.053087220914467,0.0119302643078969,-0.0772689374191253,-0.0962199884000956,-0.0480773141199029,0.0429557185239134,0.00667412269907923,0.0623052528887054,-0.0255213391109755,-0.0155953380046523,0.00415377617615762,0.012402491255941,-0.118998587728091,-0.0380016367236544,-0.0859864654003899,-0.0443237127071458,0.0518426968898664,0.00243489642480212,0.132512422073131,-0.142894045715077,-0.146842400004907,-0.00302522289652789,-0.0542282516126936,0.0934771419886923,0.00480744119024283,0.0218526932565734,0.141234219605477,0.0372549032894152,0.0788622979829756,-0.0420658698158007
-0.228012833736132,0.00814688972399215,0.0672751007375842,-0.0381603499382125,0.0196216554627873,-0.140902360612772,0.0394443497147905,-0.131360815145295,0.0775453238691407,0.358427139527068,-0.284543499919884,0.0202995273817921,0.0540485240787055,-0.1747259275137,0,0.00216717845939054,0.0935854985726293,-0.0131994472803224,-0.574385273252334,-0.0261868095892029,0.120581398373345,0.0156620784768088,0.0465634034833414,0.00503701927088238,-0.0935283863968923,-0.0629813179442944,-0.0147373086367905,-0.262981732281505,-0.0613719917207083,-0.134070267434566,0.014368632072987,0.00160834183517038,0.162628237997762,-0.00549690227256699,-0.114930080751897,-0.0170351161556121,0.0367178779277613,0.194326842938083,-0.207711170073881,-0.0926448918560994,-0.11848281182001,-0.096959849231946,-0.00441798022812797,-0.27958143180875,0.0483972113288586,-0.0412070831681763,0.187868834503938,0.0551510397873463,0.026834431869844,0.0579291880616964
0.0227217865912158,0.0448355279924744,-0.000150392328798635,0.0202202840250022,-0.00676000086159104,0.0741011912844238,-0.0798473969948575,0.0150717901566216,0.0333095277451072,0.00264373663481332,0.043299055286689,-0.000489390635506507,-0.0118810109978413,0.00290344397090809,-0.0342226643291218,0.00616090443600769,-0.0129911791623145,0.115561528805721,0.0581105298045577,0.0701707851589724,-0.00363594811285817,-0.0120990376760549,-0.0445199073296404,-0.0277289876379053,0.000158534356605626,0.0156344419567089,-0.0027558732480124,0.0262142969367089,-0.0201150333175459,0.0290654948858961,0.0123681099412002,0.00264833947649459,0.0162633586490618,-0.0142657525184847,-0.0197945980759651,-0.00187579276022689,-0.00446114140276956,-0.0607184455048775,0.0596099960407618,0.0337659382507395,0.0348441503480461,-0.0145032374784282,0.000446649796756519,0.0393089785938936,0.0457723239289214,0.0020408840568652,-0.00260814475167017,-0.0237057868322632,-0.0105354243900241,-0.0550105365502365
-0.00507149133043237,0.0157408311531753,-0.0135346745737712,0.00917237374597625,0.00991317040200529,0.010363216640379,-0.0183493742238284,-0.013245259530771,0.0845646501793208,-0.0668444726124999,0,0.00291984346457324,0.00352620868463504,-0.0225576716795426,-0.256849961497371,0.000363195306532324,-0.0105409480951816,-0.00909558229867918,-0.0462777160360713,0.0506888109009217,-0.0162374034855944,0.00146369938089567,-0.105611218927752,-0.157199373332246,0.0104799303624714,0.106438190707238,-0.0162182637274513,0.1488791160003,0.0398783236488926,0.0680939679498877,0.00287035685377229,0.0193333461945105,-0.0125505208956001,-0.00145732964377728,0.0539936734618761,-0.0978501897266265,0.0182189422843723,-0.00911530438923197,0.148022917951058,0.0483707107017292,0.0555942455339544,0.0858627587612062,0,-0.240204554470883,0.00515561094310964,-0.00361780134184008,0.232448893427334,0.0834712654490756,0.0181201961591534,-0.0044500072322443
0.0536704253884863,-0.0206962425822673,0.00657148537396132,0.00985236073425961,0.00394998731885525,0.0545741730179511,0.104833358866156,0.0973292725334259,0.0447934500065701,0.0297988236793788,0.0120257705428091,-3.46860100705176e-05,0.0221794803686484,0.00352165438711008,0.00565989232594596,0.00698283691814651,-0.02022634868303,0.145695410387541,0.0472510274290587,0.104955841753026,0.0329110447340651,0.209978285935224,-0.00421494760914414,-0.00787168933777561,-0.0473203971689792,-0.0242328015244194,-0.0417394095657789,-0.0693821049938052,0.0547200501328377,0.00197659523278005,0.000653423819588203,-0.115163986271012,0.0640126432564158,0.0207890745057943,-0.0633803110207309,0.0146130688378427,-0.0052702033597017,-0.0101467252460631,0.0361593576476201,-0.0347885779843099,-0.0560929986425876,-0.120440752724205,-0.15460017210772,0.0821761351262007,0.250014064497631,0.0094837376905911,-0.0103990865879961,-3.63481213186057e-05,-0.0439402349112243,0.070517749147857
-0.00344294994845839,7.70334333770921e-06,-0.0134696720624842,-0.00906176353907879,0.0193220031790317,-0.155235861001031,0.00037802697610712,-0.448145372165971,0.0534761713855413,0.00196778475687929,0.297369334897919,0.0092902898883743,0.0136194519620295,-0.0717734740414763,0,0.0891099121771486,-0.0476011487857989,-0.0437990540409108,0.0322365522219411,0.0859130538708979,0.165457408539696,0.000236892734964502,0.134367313735772,-0.0312843136569046,-0.00243119536387067,0.0152119102931651,-0.00916796279958146,0.0284566048694622,-0.0776402129655301,-0.00140284657565072,-0.0292486299937464,0.00395321118793471,-0.0484745038434285,0.00510597289313101,-0.00528499552644804,-0.016279951221533,0.090051450253601,0.00695568944291486,0.107618385248105,-0.00312812943898657,0.0595622898349086,-0.174207669613373,0,-0.00281483606700561,0.0344568653629886,-0.000363371815404444,-0.000837272756094791,-0.151693881509695,0.000212341442910419,0.213379825482326
0.184345617721202,-0.114869719256666,-0.0105775328633767,-0.0120951136723272,-0.121343386695765,-0.0689797358062745,0.40690455082209,-0.00227207785595367,-0.0700967108006951,-0.0534024391574088,-0.0036583587379015,0.00406598351137897,-0.0108583723868352,-0.0314123418659109,0,-0.167237665931375,0.016708193572684,0.03866653266439,-0.0357452824465089,0.628375122298414,-0.0353228033391414,0.155793173229051,0.0122123065389141,-0.00169810557441581,0.304721502359292,0.280837972797383,-0.167798931136792,-0.168638363715139,-0.254453981130524,0.0139177241858058,0.00928752690793847,0,-0.0511810357622717,0.130001473154343,0.0617053802805129,0.00184903377579648,-0.15237183049977,0.0264416530433569,-0.114785181312779,-0.135581044828827,0.0298133947302401,0.239775471204723,-6.63675652634916e-05,-0.0307566240792284,0.251134599045979,-0.00172625063995753,0.0182089455952436,0.0139687367074235,0.00378528048078363,-0.00634244880421526
-0.117330991211379,0.0743831777081864,-0.000374366771065852,0.00829058000857755,0.0835151868070363,0.0427132789559519,-0.260259995544501,0.000220064713527664,0.069991269547143,-0.000827374112548191,0,-0.000467136687468068,0.00524786011767888,0.00360893183255423,0,0.10227735090049,-0.010833832447323,-0.022970675314206,-0.00209237719949738,-0.392253784464259,0.0230903489985482,-0.0989158560001198,-0.00653412906775771,0,-0.20055168151005,-0.125797775439855,0.0339904984643716,0.128874393326756,0.165051062712983,0.00553498691408292,-0.00620201161098326,0,0.0351185295263933,-0.0822128147564396,-0.0274302619109225,0.000229030846078241,0.0966180462124654,-0.0195862376201401,0.0519112626648054,0.106915602101718,-0.00270618769509325,-0.129481233883085,4.12968369947369e-05,-0.00010763477488726,-0.164673320570868,0.00062244273915576,-0.0207054989174083,-0.00747389760230717,-0.00090353529335675,0.0119315098884072
0.00779490237388743,0.0135913297766667,0.0545750550017504,0.00781068393019946,-0.00159244220675984,-0.0034153053124791,-0.00784493993318909,0.00722346359938071,0.0129907365343064,0.00358835105271081,-6.73199271938551e-08,0.0142316003851333,0.0058643756224682,-0.00590636694012544,0,0.00243820433070418,-0.0564354128974445,-0.0121462265714273,-0.00258175021313706,-0.00378949946541065,-0.00939703194469129,0.00614505047499211,-0.00720904096465498,-0.0529765304421645,0.00107231280059178,0.00858013416610967,0.00685933078224971,-0.011864498376217,-0.00404359337566899,-0.00816933238274012,-0.0278211785646299,0,0.0079494704717398,0.0388204629365917,-0.00407185366412471,0.0851628171015385,0.00061402732734152,0.00695195302179948,-0.000326150097771577,0.00446043716325548,0.00546151355307365,-0.00103656144326548,-5.48540234227311e-08,0.00319225763444292,-0.00423634846655205,0.035907256938408,0.000160173640858058,-0.00824587843642928,-0.0134757921741662,-0.0041306176804809
0.076372294817361,-0.0159056046662277,0.00267053452832156,0.0345122471250761,0.0199373186889468,0.03615048329119,0.0421600415590186,-0.0484175597211971,-0.0348827032323192,-0.0540407347287733,-0.0147405522380048,0.00691911316782724,-0.0966076501483411,-0.0289339753821202,0,0.00770629449594708,-0.0260298158795389,-0.0455615992430285,-0.145760468175071,-0.021541712105548,0.079345704151531,-0.0242755459516224,-0.204559735260178,-0.00634931862374246,-0.0122323949350404,0.0537998039859229,-0.0882766193923213,0.0617398974791282,-0.00652284757529622,0.0210426229374894,0.0872640599504655,0.0261936429287365,-0.00557766646618392,-0.0645675752761608,0.0513280730382804,0.0132617596285692,-0.00391435164428254,-0.0587315593698112,-0.0559260834413049,-0.00585495372131161,0.00174979885317063,0.0832410513585937,0.0353100909251007,0.00410564138517264,-0.0821836595702647,-0.0125931742323489,0.00207222457293447,-0.233980458456767,0.0055592740026505,-0.027857833611942
-0.012634273325149,0.0317971952878557,0.0882431164954811,0.0137396568094412,0.0423491557583854,-0.00441615564184433,-0.0585420323470431,-0.00512313576046283,0.00713911077409151,-0.0693087374224091,0,0.0234545563901659,0.00492538246666345,-0.0133268402425669,0,0.0986957130547161,0.0432856474347476,-0.0172483159183474,-0.0159858351923302,0.272781791432044,-0.0366758370446388,-0.00930488472288335,-0.00613261101164494,0.019608996206226,-0.0964805260043985,-0.0930550049239641,0.0464819376330379,-0.0784599796915681,0.133212346000075,-0.0117590899501194,-0.0447256264526783,0,-0.00449601805395578,-0.0245227888081644,-0.00519992527169951,-0.0340743701221096,0.0772685529439684,-0.0116693954850123,-0.00343663258080077,0.0173681460766091,0.00903682765602176,0.0210729003794999,0.000441904380080483,0.0249343226580929,-0.128827208626767,-0.0273977411958815,5.26410149317424e-05,-0.00701463137022857,-0.0329932749632849,-0.0683853420768839
0.00625317605161946,-0.000351795991811093,-0.000937126708712594,0.0074635244272445,-0.000694196894797362,0.0295054331751646,-0.0027951927329169,0.00145766688979024,-0.0163547144364153,0.00202408733688829,0,-0.00074498920812965,-0.00367297973518132,0.00575552154274383,0,0.00395930558065111,-0.0191219958518782,-0.00248916745588942,-0.0040755190540958,0.00493404004120844,0.0371447024379361,-0.0019071325980364,0.00457323997110432,-0.00954501485173249,0.0075309143693442,-0.00401747373882105,-0.00493369446087838,-0.00447138445465834,0.00524107072595114,-0.0020217840337633,-0.00876094788541099,0,0.0061949182097889,-0.0631597551386697,0.0100195477305184,0.0155079619329141,0.000750936218250222,-0.00922925482665526,-0.00539503800632522,-0.0198861590502426,-0.0052270679800911,0.0231622364419125,4.27476545295217e-05,-0.000111416140001953,-0.00546700322942156,0.00731396263592479,0.0074881180449605,0.0052309844051705,-0.000935277793322692,0.0235805919692047
0.000697248591805377,-0.00689456482257324,0.0298034102594222,0.00209557731167793,-0.00554825549028741,0.0559307447831925,-0.000369965257527931,0.134132583201612,-0.00174904221758494,0.0832853524422706,-0.086140118823024,0.00179243219811411,0.0132818476589522,-0.00373371262581231,-0.00133535809984542,-0.0274421740557018,0.0414072515597577,0.0100432448003345,-0.0364456507909419,-0.0200707843005292,-0.0314874226970864,-0.00363198847369239,-0.0388210898179289,0.00980935332058886,0.000691629843329044,-0.00611993275778817,0.00279258568551731,-0.0126660291088504,0.0269610042395011,-0.000366761890773799,0.00879926029389689,-0.00192415081072317,0.0326260349419984,-0.00193665603136614,0.0029000376274614,-0.00045121937392418,-0.0288373016472049,-0.00994456372136954,-0.0547692973267567,0.0380985926151096,0.00707521274349383,0.065280039410274,-0.000624695360843157,0.00497905038197276,-0.00550374879120775,-0.0128959134562153,0.0177031840582474,0.048623588630503,-0.012981912407851,-0.061604447335837
-0.0820419951900024,-0.00147848729782106,0.0588336029973329,-0.00512584905956834,0.0321789048753103,0.00155640775121321,0.0549946740283676,0.0839116602786514,-0.0345582007532274,-0.0118770371566316,-0.0602139883403569,-0.000562368962043558,-0.00483611988311045,0.0043446625007337,0,0.00684158349007851,-0.00651660230583075,0.0684007413450181,-0.00224673476400086,-0.0242068400017069,-0.0692536050970009,0.0323720046921169,0.321276760951191,-0.0653384635255096,0.0138845239394337,0.0436211029318628,0.00412405012741789,0.0116172730346196,0.00180232210853918,-0.0313273352310107,0.0122422627617139,0.00823572594040738,0.017212771300541,-0.0562476146213342,0.1560843945642,-0.0445165184173933,-0.0124625859356982,-0.0435759004120655,0.0407838187283603,0.0289291363988782,-0.00453295329737515,-0.0308826130935255,0,0,-0.0068330022906944,0.00310025992518957,0.123808537976044,-0.268727557993538,0,-0.0908868838407615
-0.00147232101305931,0,-0.0188084300328253,-0.0124482224996212,0.0270804451482539,-0.218391695787819,0,-0.634426687982996,0.0757435739153276,0.00386130358933623,0.426486570771083,0.0131007738624145,0.0197332993671509,-0.101211917392795,0,0.126434322564373,-0.0673354562492756,-0.0619171395840253,0.052339239998314,0.122514367389193,0.234244482947528,0,0.190279500389332,-0.0445287887781283,-0.00199789562746486,0.0224491914711172,-0.012670923569113,0.0438989915070092,-0.109046236964441,0,-0.0414084220844359,0.00561272611945909,-0.0702349770521854,0.00714770934579192,-0.00589672038390984,-0.0229766172032775,0.127364528929698,0.00652404530033344,0.154112630962909,-0.000819089529023912,0.0880803003860061,-0.244924065588542,0,0,0.0484961905294269,-0.000659763379348786,-0.00274459196168539,-0.215938076810838,0,0.301976023450081
0.0376135543331815,0.074220553099191,-0.000248958857519948,0.0334725770244146,-0.0111904782961965,0.122666814660062,-0.132179060531722,0.0249497809372773,0.0551404585472857,0.0043764310150953,0.0716770823483983,-0.000810135293933735,-0.0196677779234666,0.00480634949697659,-0.0566520611837494,0.0101987364776545,-0.0215055458474696,0.191300090999002,0.0961959378220152,0.116160436133988,-0.00601893391378347,-0.0200286984115693,-0.0736980759206238,-0.0459024548503455,0.000262437137675034,0.0258811924690372,-0.00456206151454436,0.0433950419425312,-0.0332983454256967,0.0481149035848314,0.0204741195594164,0.00438405054074177,0.0269222986375109,-0.0236154694659965,-0.0327678982127947,-0.00310517980711336,-0.00738495557413384,-0.100513071005911,0.0986781482115821,0.0558959986665857,0.0576808666452514,-0.0240086011155826,0.000739382280999887,0.0650719254046198,0.0757713213327185,0.00337847127700338,-0.00431751235458193,-0.0392424643830986,-0.0174402992531624,-0.0910642214300928
0.00915603924745136,0.00364546044424128,-0.00135851110441809,0.0209416570448074,0.00217547388344062,0.0201751954144509,-0.00572594642920748,0.0485450961024749,-0.0332877154853076,0.00135420781432695,0.0424400993123126,0.0181216429370225,0.0494806157165646,-0.131048058345584,0.024615217296078,0.0590479863646933,-0.0160037182670731,-0.0229888384174673,0.0802305174012571,-0.0249966274654184,0.00114375943131037,-0.000512494757152203,0.0077285227276749,0.0238239364677859,-0.0184472393471406,-0.0261196228785271,0.00572630228740099,-0.0206088919331891,-0.0310298687236845,-0.0298803231004327,0.0112519003301114,-0.00186205209103974,0.012537597487157,0.00155089518956342,-0.0178167768134105,0.0211285663841042,0.0207465838903706,-0.00407532045931121,-0.02007277846664,0.0255431343811022,-0.119167436521025,-0.00911527946218471,2.59132859303266e-05,-0.0423959359924128,0.0128820697393821,-0.0237781615126468,-0.00461824677974114,-0.0100224800008054,0.00148711127077448,-0.00785055888543581
-0.114630092100788,-0.00151629875043953,-0.00307165611854048,-0.0145726979920748,0.0313323855143304,-0.0523083544420767,0.0170510838263817,-0.0732572567440312,0.00438341366837565,-0.0112686398413405,-0.135865535278757,0.00470900641597013,-0.00810957470510944,-0.0336249010028433,-0.278022008241874,0.00163009471916498,-0.0141545811960062,-0.0094979305600955,-0.214677473984436,0.00499681175603729,0.0152035645272275,0.00976885620055143,-0.0929799028260864,-0.162140205345775,-0.0904910624302561,0.0560111160320611,-0.0111212803789189,-0.0643043310150997,-0.0365176962398566,-0.0637499711968961,-0.00180685595712689,0.0206997461238025,0.0506294108738195,0.00458045174874365,-0.0509016653063093,-0.117466438122756,0.0160348424187584,0.110518155034116,0.121630831603935,-0.108528567134626,-0.101379950677658,-0.0643079726413911,-0.000170176816434243,-0.126647899024624,0.0152858734859753,0.00111940647725571,0.322881376369589,0.114757338591587,0.00611972036682835,0.0168397617413267
0.0220180924804156,-0.0244515923183504,0.00477460517833973,-0.0063823459840115,-0.0280481041738577,0.0129095432485954,0.00918383474474475,0.113072146066819,0.0211683440043248,0.0109450520351663,0.180493420234196,-0.0103773203570189,-0.0327319467640665,0.0765024131185265,-0.143108511465555,-0.0137161271936499,0.0120069781344188,-0.0718532312047001,0.453434104321384,0.00501685372790013,0.0259196000769484,-0.0152303623460455,-0.124084428680252,-0.0862418560546573,0.097877708267709,0.116629843513115,0.0202970645930996,0.160251904882976,0.102883669646929,0.0617636973756684,0.0308063150556975,0.0110745299282294,-0.0299208667302453,0.00516259117113863,0.0803016463307564,-0.0582577909005527,0.00928973111315079,0.00750013339898804,0.0437950267205226,0.140162987070209,0.168634169799468,0.144620410976454,2.23068984126866e-05,0.169187797024466,-0.0622778610077799,-0.0114735417915155,0.142734886735502,-0.0281170681837215,-0.00367932589986068,0.00982546140938655
0.184495972310004,0.00894144160651009,-0.0295940251922981,-0.0180950941932921,0.0138212702135843,0.114168292635974,0.0399080761732382,0.138065942772908,-0.218617263662748,-0.145524347570752,0.261392267751179,0.0377181841599562,0.0558264137698964,-0.291397270077001,0,0.0481307604638694,0.0394439972662081,-0.00368082686343096,0.354558721414382,-0.203853359274322,0.0312699178896486,0.0316252669487199,0.0239114789876432,0.0383115308789699,-0.11512989914745,-0.0612650291542298,-0.0299629067689169,-0.727339802779848,-0.0830392504740275,-0.143649698963981,0.0183737918576958,0,0.0957560828750844,0.0137943629460422,-0.112223607585024,-0.0356912754305193,-0.0681251434524879,-0.15259573061538,0.0614056391039146,0.287275848424686,0.0165016535121951,-0.0374358851485444,4.10729404320761e-05,-0.500150495059606,-0.00517904521402498,-0.00625415897742188,0.121740533275088,0.0273505380166439,0.0368229016043246,0.0153650943920461
0.139816199975417,-0.0585557794779792,-0.06179561943047,-0.0181488669963867,-0.0463744037343848,0.0525699398971828,0.147156610499565,-0.0851230040039144,0.0478459072866802,0.0191826368573029,0.0611192384464868,-0.000820584176062763,0.0134811239106325,0.0063395413670771,0,0.0178396606777707,0.010254732213657,-0.0825430981939879,-0.00335670561239279,-0.0925282672194332,0.0672064081694346,0.0423826901365138,-0.336780197260581,0.0663207543963037,0.00493078837632254,-0.0309583881472938,0.00652791168442431,0.0287101710522255,0.0601883402021707,0.0355740363525455,-0.00326816382870271,-0.00835954088751684,0.0041897400836883,0.0959109119718229,-0.177142692087793,0.0452379932770811,0.0547347536650768,0.0998703386233476,-0.0380285286499216,-0.0283428920395714,-0.00534934819721602,0.0378763536733502,-0.000167744525481476,0.000437204046427818,-0.0460490408129168,-0.00234250678252476,-0.122760251614506,0.260559080708014,0.00367008977126287,0.185538333207167
-0.0691465556822103,-0.0201627083034941,-0.0514304906455022,-0.0095323847683419,0.0221252370140369,0.0565350457170268,-0.0511851622263924,-0.0170996602489885,-0.11885117207355,0.0552253332320885,0.00544706467742561,-0.031640741808549,0.180191925552563,0.125918933036232,0,0.0322636780785267,0.0521018857152064,0.0319945190735745,0.0589220639540472,-0.179513428369594,0.0869777381482086,-0.0702461846074894,8.60881353047611e-05,0.0656522600894225,-0.10562445246861,-0.15620310563679,0.131804335309264,-0.0674930970101715,-0.00248029192607879,-0.0828255847707101,0.0648135559754738,0.0179606998442638,0.0338610010171137,-0.0678143252064415,-0.0943133827136875,-0.10106800745931,0.0331706550958981,0.0143949754792172,0.0543384985843695,-0.0301890308555546,0.00274462421843451,-0.168616814887189,0.0256375427391103,0.221024805907479,-0.0776116454294068,-0.0189673193536914,0.0207057604803056,9.84697273912517e-05,-0.0269064552758078,-0.0714295100068343
-0.0576669640352397,0.0295529329616463,0.00951639203171411,0.00836012543064159,-0.0285409449975855,-0.0239718438896275,-0.0344223405456692,-0.0429205176210336,0.176049223049648,0.0592957286520173,-0.107150090565917,-0.00704774807963112,0.00623032327287272,0.0889570486883939,0,-0.00957708446895295,0.001221745628266,0.0830001614915132,-0.132751370351658,0.103554308728262,-0.0763092383859287,0.00262554073313845,-0.000628664858368757,-0.0173912810025548,0.0255186513094541,0.0301476922787335,0.0299520877809129,0.323647327091274,0.0152740788125237,0.0793972526922617,0.00268050006109186,0.000613156514845764,-0.0152414865072596,0.142725724875178,-0.0728293958688207,0.0114596303038241,0.0480967780653307,0.105193896729466,0.014253658064452,-0.0862805118237905,-0.0226892751165199,-0.0324976244323205,-7.31011673657554e-05,0.193557618543492,0.0488683747239643,-0.00707498741017945,-0.0724181500071087,-0.0480855715159018,-0.0173777408820655,-0.051023973361849
